household_key,total_orders,total_spend,total_discount,avg_order_spend,avg_order_discount
1609,412,27859.68,2509.68,67.62,6.09
1453,761,21661.29,2880.0,28.46,3.78
1430,344,20352.99,2491.62,59.17,7.24
718,599,19299.86,4131.39,32.22,6.9
707,498,19194.42,2193.94,38.54,4.41
1653,541,19153.75,4300.25,35.4,7.95
1111,321,18894.72,2540.7,58.86,7.91
982,412,18790.34,2602.93,45.61,6.32
400,310,18494.14,1909.54,59.66,6.16
1229,385,18304.31,1670.41,47.54,4.34
1975,363,17548.27,1833.91,48.34,5.05
328,239,17332.13,1936.41,72.52,8.1
1527,321,17295.18,1932.1100000000001,53.88,6.02
1489,536,17251.53,3960.38,32.19,7.39
1864,164,16941.58,1515.97,103.3,9.24
900,1223,16450.53,1482.45,13.45,1.21
371,161,15716.54,2733.73,97.62,16.98
1762,344,15360.14,2727.85,44.65,7.93
1995,154,15332.43,2505.99,99.56,16.27
113,223,15324.95,2281.39,68.72,10.23
1142,284,15178.96,1907.45,53.45,6.72
389,271,14880.92,3370.62,54.91,12.44
1475,339,14855.21,2486.95,43.82,7.34
696,326,14715.53,2436.16,45.14,7.47
1228,797,14503.89,2493.54,18.2,3.13
1803,216,14420.9,1260.26,66.76,5.83
1314,421,14330.399,1526.2,34.04,3.63
1379,509,13995.22,2374.46,27.5,4.66
1029,276,13785.55,1394.12,49.95,5.05
591,325,13534.93,2225.62,41.65,6.85
853,516,13497.29,556.9,26.16,1.08
973,84,13486.32,1563.41,160.55,18.61
115,201,13262.1,1746.9,65.98,8.69
641,355,13221.75,2383.26,37.24,6.71
13,275,13190.92,1935.56,47.97,7.04
2019,337,13160.5,2505.56,39.05,7.43
889,216,12983.01,2077.35,60.11,9.62
40,400,12907.89,1319.71,32.27,3.3
2085,359,12894.57,2950.7,35.92,8.22
979,205,12854.66,3304.62,62.71,16.12
358,371,12729.34,1528.1299999999999,34.31,4.12
232,631,12695.57,2249.41,20.12,3.56
1579,600,12695.25,2248.61,21.16,3.75
1845,151,12647.61,1508.07,83.76,9.99
1677,193,12559.61,1834.78,65.08,9.51
1274,273,12503.24,1066.2,45.8,3.91
909,713,12414.56,2141.23,17.41,3.0
1935,177,12371.26,1188.76,69.89,6.72
1166,409,12300.62,2523.52,30.07,6.17
1823,377,12268.85,2250.13,32.54,5.97
235,200,12156.64,1186.34,60.78,5.93
513,161,12130.01,2731.97,75.34,16.97
1367,352,12125.4795,2258.9,34.45,6.42
1710,215,11984.59,2073.48,55.74,9.64
840,214,11944.57,1268.18,55.82,5.93
1740,390,11938.2,1398.13,30.61,3.58
149,215,11920.93,1263.38,55.45,5.88
219,228,11884.79,1468.83,52.13,6.44
825,242,11835.02,1925.63,48.91,7.96
575,356,11771.13,1704.86,33.06,4.79
712,256,11711.02,1935.32,45.75,7.56
88,229,11615.66,2354.27,50.72,10.28
1598,445,11516.83,2105.26,25.88,4.73
1337,244,11500.76,2846.29,47.13,11.67
1901,852,11462.24,1844.07,13.45,2.16
392,104,11443.97,868.52,110.04,8.35
1764,135,11412.2,1575.77,84.53,11.67
19,421,11299.61,3064.44,26.84,7.28
1899,69,11276.8,1941.04,163.43,28.13
1240,217,11250.07,891.73,51.84,4.11
1722,258,11229.71,3247.18,43.53,12.59
1510,1300,11211.37,1372.23,8.62,1.06
1260,168,11200.8,957.04,66.67,5.7
1376,235,11041.41,2093.01,46.98,8.91
1835,310,10995.71,1467.21,35.47,4.73
253,385,10993.71,3295.96,28.56,8.56
1944,180,10942.88,1359.4,60.79,7.55
1848,110,10848.11,762.93,98.62,6.94
653,228,10822.55,1676.4,47.47,7.35
676,376,10741.1,2029.47,28.57,5.4
728,475,10732.91,1560.57,22.6,3.29
934,234,10709.38,3433.62,45.77,14.67
755,307,10617.05,561.26,34.58,1.83
125,358,10601.5,2085.16,29.61,5.82
1566,347,10567.71,1141.19,30.45,3.29
871,132,10435.96,1261.32,79.06,9.56
1631,353,10427.21,2625.84,29.54,7.44
800,443,10426.58,1781.16,23.54,4.02
58,268,10367.08,1601.2,38.68,5.97
699,150,10353.0,1237.44,69.02,8.25
1804,311,10251.19,1688.15,32.96,5.43
956,621,10231.93,1159.02,16.48,1.87
1081,139,10201.55,1262.26,73.39,9.08
883,352,10165.13,1234.74,28.88,3.51
1633,219,10162.78,2036.52,46.41,9.3
2004,248,10053.87,1581.85,40.54,6.38
1272,258,10019.45,1372.7,38.84,5.32
256,125,9850.35,1137.16,78.8,9.1
968,167,9805.11,2089.2,58.71,12.51
1852,317,9800.02,1279.61,30.91,4.04
1795,1138,9751.73,2995.68,8.57,2.63
67,227,9618.9,2704.1,42.37,11.91
1020,171,9561.46,1455.06,55.91,8.51
588,262,9540.54,1313.08,36.41,5.01
1098,449,9500.7,1958.04,21.16,4.36
1775,211,9485.14,1875.77,44.95,8.89
1476,356,9481.75,911.43,26.63,2.56
703,219,9475.69,1086.66,43.27,4.96
1024,145,9448.75,2092.23,65.16,14.43
1179,205,9428.4,1513.2,45.99,7.38
1585,150,9353.85,990.05,62.36,6.6
1778,259,9336.3,1166.48,36.05,4.5
631,483,9277.72,1519.55,19.21,3.15
1630,188,9265.32,1592.95,49.28,8.47
1620,337,9219.35,2369.29,27.36,7.03
218,164,9211.72,1042.54,56.17,6.36
2070,635,9210.42,2352.67,14.5,3.7
1767,485,9204.22,1821.77,18.98,3.76
669,119,9164.15,976.17,77.01,8.2
1479,716,9129.2295,1158.68,12.75,1.62
1248,158,9091.29,1309.85,57.54,8.29
1788,152,9072.28,542.26,59.69,3.57
636,227,9045.17,2281.97,39.85,10.05
1211,168,9045.04,970.99,53.84,5.78
761,178,9036.01,1795.0,50.76,10.08
1529,244,9025.51,1752.25,36.99,7.18
762,886,8982.79,1119.92,10.14,1.26
1907,388,8939.5,1758.37,23.04,4.53
2007,191,8887.75,1321.21,46.53,6.92
1146,345,8854.64,2084.91,25.67,6.04
831,166,8831.35,1426.34,53.2,8.59
1326,394,8831.21,1625.87,22.41,4.13
2097,202,8823.83,1880.95,43.68,9.31
1097,165,8806.33,1133.15,53.37,6.87
1770,477,8793.19,1508.36,18.43,3.16
361,217,8747.1,2048.35,40.31,9.44
354,157,8729.87,1382.25,55.6,8.8
895,211,8700.15,890.65,41.23,4.22
888,79,8689.01,1429.26,109.99,18.09
198,461,8659.17,1841.6,18.78,3.99
1906,163,8631.61,1336.6200000000001,52.95,8.2
1662,83,8617.94,1537.55,103.83,18.52
568,180,8612.85,1296.25,47.85,7.2
1985,156,8605.36,1217.08,55.16,7.8
304,304,8586.28,1792.59,28.24,5.9
324,150,8554.87,900.05,57.03,6.0
1900,56,8541.14,880.68,152.52,15.73
2012,303,8535.06,1969.14,28.17,6.5
1370,86,8531.89,1518.89,99.21,17.66
695,226,8523.93,1114.03,37.72,4.93
1501,205,8490.73,1116.67,41.42,5.45
2020,252,8458.21,1262.62,33.56,5.01
1535,247,8453.65,1447.91,34.23,5.86
1534,313,8449.68,1176.41,27.0,3.76
46,137,8433.43,1543.42,61.56,11.27
1612,151,8429.05,960.13,55.82,6.36
898,315,8355.2295,1169.74,26.52,3.71
1693,164,8354.55,1249.99,50.94,7.62
766,122,8350.09,1483.06,68.44,12.16
2083,383,8308.39,1279.71,21.69,3.34
998,250,8305.39,1983.48,33.22,7.93
2076,252,8297.94,1107.55,32.93,4.4
472,96,8295.58,1369.46,86.41,14.27
661,394,8271.31,788.37,20.99,2.0
1057,184,8219.34,779.11,44.67,4.23
454,356,8215.93,2596.8,23.08,7.29
702,276,8205.68,1482.35,29.73,5.37
1726,182,8131.91,1073.02,44.68,5.9
1391,169,8105.7397,1935.08,47.96,11.45
1528,239,8086.55,1635.38,33.83,6.84
243,250,8074.12,845.18,32.3,3.38
1694,249,8055.47,1624.05,32.35,6.52
638,164,8039.29,1065.15,49.02,6.49
1590,152,8033.79,990.5600000000001,52.85,6.52
771,497,7990.97,1989.63,16.08,4.0
1197,160,7988.73,1241.15,49.93,7.76
660,168,7954.28,1379.81,47.35,8.21
1988,184,7907.93,1396.23,42.98,7.59
510,346,7903.36,1239.19,22.84,3.58
864,109,7892.97,1390.32,72.41,12.76
2022,86,7875.78,1072.47,91.58,12.47
426,228,7860.85,1263.48,34.48,5.54
2087,227,7832.74,1833.46,34.51,8.08
1807,212,7773.21,1392.99,36.67,6.57
1074,132,7769.2197,1684.53,58.86,12.76
469,165,7748.4897,1271.9,46.96,7.71
630,206,7746.27,2773.76,37.6,13.46
1541,102,7743.35,947.19,75.92,9.29
380,129,7726.44,1561.34,59.89,12.1
1333,129,7709.85,845.63,59.77,6.56
351,296,7659.67,1688.71,25.88,5.71
1419,524,7634.57,2322.7,14.57,4.43
1955,156,7634.5,1227.98,48.94,7.87
1854,273,7631.7197,808.54,27.96,2.96
1305,373,7552.93,1351.08,20.25,3.62
1139,92,7539.55,687.55,81.95,7.47
1837,160,7528.5,1029.51,47.05,6.43
842,506,7527.27,1452.52,14.88,2.87
788,295,7514.2,2104.82,25.47,7.13
20,387,7486.11,833.92,19.34,2.15
1769,156,7447.28,1218.78,47.74,7.81
1584,317,7435.38,866.14,23.46,2.73
786,204,7434.07,871.21,36.44,4.27
1175,135,7403.51,611.84,54.84,4.53
618,544,7343.87,1016.53,13.5,1.87
560,326,7290.9,998.0,22.36,3.06
926,241,7274.1,998.67,30.18,4.14
553,265,7259.09,1136.7,27.39,4.29
1461,290,7246.2,1083.86,24.99,3.74
301,81,7211.68,1216.14,89.03,15.01
1947,90,7209.25,962.09,80.1,10.69
367,114,7186.37,2623.4900000000002,63.04,23.01
1396,229,7177.06,2028.04,31.34,8.86
1041,291,7156.7,1095.35,24.59,3.76
492,117,7148.28,1521.07,61.1,13.0
18,163,7118.91,1011.29,43.67,6.2
2017,170,7106.62,1262.55,41.8,7.43
374,163,7099.56,723.84,43.56,4.44
184,257,7090.07,1078.15,27.59,4.2
936,502,7089.4897,1810.78,14.12,3.61
859,194,7074.2,1003.1899999999999,36.46,5.17
906,382,7048.71,1390.94,18.45,3.64
365,170,7048.43,935.59,41.46,5.5
891,113,7035.21,1478.62,62.26,13.09
418,256,6960.96,946.97,27.19,3.7
1536,164,6960.19,1028.41,42.44,6.27
1388,151,6949.16,890.99,46.02,5.9
1378,121,6933.7197,1007.31,57.3,8.32
99,255,6926.15,1221.42,27.16,4.79
1078,250,6885.69,884.19,27.54,3.54
1850,223,6882.11,654.61,30.86,2.94
209,196,6876.56,1330.57,35.08,6.79
868,162,6836.65,897.98,42.2,5.54
1167,150,6798.79,797.22,45.33,5.31
1917,291,6788.0,1202.51,23.33,4.13
574,120,6753.54,2160.35,56.28,18.0
569,102,6749.19,495.31,66.17,4.86
1937,158,6742.44,1114.77,42.67,7.06
745,180,6713.51,837.86,37.3,4.65
1451,260,6700.05,1626.39,25.77,6.26
1613,136,6699.4897,925.93,49.26,6.81
411,158,6697.21,1088.58,42.39,6.89
56,201,6691.53,1273.18,33.29,6.33
768,466,6681.35,1476.63,14.34,3.17
1865,161,6651.93,536.34,41.32,3.33
101,242,6651.58,2139.11,27.49,8.84
740,113,6644.85,1258.89,58.8,11.14
1247,123,6639.95,1180.65,53.98,9.6
2015,122,6628.7,1010.19,54.33,8.28
1829,320,6618.55,942.46,20.68,2.95
1752,196,6593.81,1488.12,33.64,7.59
1707,749,6580.49,1061.52,8.79,1.42
143,408,6574.23,1610.56,16.11,3.95
1130,362,6563.15,1693.21,18.13,4.68
104,128,6546.7397,1714.98,51.15,13.4
1557,195,6528.36,554.12,33.48,2.84
95,308,6500.18,1979.42,21.1,6.43
679,262,6494.31,1029.46,24.79,3.93
72,107,6473.43,1017.95,60.5,9.51
1264,132,6458.78,1056.14,48.93,8.0
1509,204,6452.83,698.03,31.63,3.42
49,121,6445.03,1466.89,53.26,12.12
722,136,6437.62,1251.01,47.34,9.2
1602,159,6425.14,704.27,40.41,4.43
2041,152,6406.9897,1069.08,42.15,7.03
1203,173,6385.44,904.2,36.91,5.23
693,209,6378.8,1121.34,30.52,5.37
1303,212,6344.09,740.02,29.92,3.49
647,129,6326.7397,1323.29,49.04,10.26
456,94,6314.03,918.76,67.17,9.77
275,321,6284.9897,1159.17,19.58,3.61
2086,575,6269.54,1018.36,10.9,1.77
22,136,6256.04,871.87,46.0,6.41
1226,76,6237.46,1411.39,82.07,18.57
77,87,6227.1,1287.13,71.58,14.79
1924,221,6225.45,1193.76,28.17,5.4
1061,147,6211.67,1507.32,42.26,10.25
976,82,6190.51,657.1,75.49,8.01
1206,381,6172.13,1283.46,16.2,3.37
397,248,6161.9897,905.78,24.85,3.65
1599,182,6161.21,1081.4,33.85,5.94
131,354,6156.22,1285.02,17.39,3.63
988,196,6109.18,1778.64,31.17,9.07
404,240,6107.18,636.11,25.45,2.65
1103,204,6104.19,722.6,29.92,3.54
908,199,6097.47,1562.27,30.64,7.85
1060,64,6096.93,901.9,95.26,14.09
867,182,6088.84,924.06,33.46,5.08
317,61,6083.3,981.87,99.73,16.1
161,266,6071.52,1208.3,22.83,4.54
1186,79,6060.38,621.27,76.71,7.86
248,57,6039.01,2118.97,105.95,37.17
1336,123,6035.21,2278.07,49.07,18.52
283,78,6023.37,954.66,77.22,12.24
685,201,6019.77,965.09,29.95,4.8
421,194,6013.04,1662.98,31.0,8.57
624,160,6003.47,1572.86,37.52,9.83
6,250,5996.16,831.89,23.98,3.33
250,121,5991.84,792.29,49.52,6.55
878,181,5980.72,1553.32,33.04,8.58
2058,167,5970.57,530.31,35.75,3.18
289,183,5970.4697,611.15,32.63,3.34
413,284,5963.78,560.56,21.0,1.97
1299,192,5959.57,1629.33,31.04,8.49
1282,203,5957.48,1111.57,29.35,5.48
1393,203,5950.89,759.69,29.31,3.74
321,106,5935.66,1266.13,56.0,11.94
1094,95,5935.57,1094.64,62.48,11.52
437,90,5915.73,1106.6,65.73,12.3
1277,328,5900.81,1122.31,17.99,3.42
876,200,5899.04,894.38,29.5,4.47
222,130,5897.9,682.53,45.37,5.25
942,215,5890.14,782.21,27.4,3.64
920,238,5887.36,1108.94,24.74,4.66
806,125,5875.35,968.05,47.0,7.74
263,325,5870.33,1082.8799999999999,18.06,3.33
489,212,5866.56,779.5,27.67,3.68
605,128,5856.38,952.93,45.75,7.44
932,158,5845.96,847.98,37.0,5.37
468,334,5835.68,932.4399999999999,17.47,2.79
1222,174,5833.39,1222.74,33.53,7.03
586,211,5822.64,878.74,27.6,4.16
1828,86,5813.77,633.59,67.6,7.37
463,587,5803.3,1245.8,9.89,2.12
949,134,5799.97,869.16,43.28,6.49
383,150,5763.44,912.7,38.42,6.08
276,173,5758.71,1227.84,33.29,7.1
1720,142,5755.69,705.3,40.53,4.97
345,182,5741.08,1730.38,31.54,9.51
27,405,5736.2397,496.41,14.16,1.23
523,277,5731.87,640.33,20.69,2.31
306,185,5716.73,1990.35,30.9,10.76
1397,283,5707.6,963.03,20.17,3.4
69,183,5704.34,1041.38,31.17,5.69
2080,130,5704.14,873.92,43.88,6.72
387,131,5697.25,776.42,43.49,5.93
1873,269,5686.82,924.03,21.14,3.44
670,192,5685.67,945.13,29.61,4.92
1040,229,5664.7397,855.29,24.74,3.73
1595,139,5644.07,639.86,40.6,4.6
1385,112,5637.51,1198.57,50.33,10.7
1491,289,5635.97,779.87,19.5,2.7
855,216,5617.79,1205.0,26.01,5.58
1091,116,5617.4,462.58,48.43,3.99
1959,104,5592.54,1132.76,53.77,10.89
1318,74,5583.96,450.36,75.46,6.09
805,304,5565.47,1366.41,18.31,4.49
1831,166,5562.06,1083.79,33.51,6.53
81,152,5553.7,1231.67,36.54,8.1
1797,115,5551.4897,1300.05,48.27,11.3
1234,94,5547.83,919.86,59.02,9.79
425,151,5543.91,1418.93,36.71,9.4
709,156,5536.4,1555.12,35.49,9.97
1421,218,5535.2,1276.16,25.39,5.85
134,86,5535.09,1236.69,64.36,14.38
8,113,5534.97,1106.65,48.98,9.79
1892,307,5532.21,1287.7,18.02,4.19
290,290,5524.34,1084.55,19.05,3.74
600,166,5520.3,1534.56,33.25,9.24
866,136,5519.35,1313.77,40.58,9.66
332,118,5519.02,1196.98,46.77,10.14
1110,133,5508.4697,1702.6200000000001,41.42,12.8
633,167,5493.89,1402.41,32.9,8.4
52,139,5487.28,566.3,39.48,4.07
485,162,5431.01,1504.54,33.52,9.29
1180,166,5430.04,789.95,32.71,4.76
1246,97,5428.25,650.82,55.96,6.71
511,373,5425.53,1187.07,14.55,3.18
2064,271,5424.85,590.45,20.02,2.18
294,269,5411.36,1566.92,20.12,5.82
844,141,5399.64,614.51,38.3,4.36
1352,138,5398.95,536.28,39.12,3.89
1349,202,5380.22,1360.1,26.63,6.73
2062,220,5357.62,1662.72,24.35,7.56
346,124,5351.41,893.5,43.16,7.21
929,244,5342.55,1163.42,21.9,4.77
97,180,5323.95,982.84,29.58,5.46
1966,129,5307.89,1021.79,41.15,7.92
1216,134,5303.53,926.72,39.58,6.92
1971,155,5297.13,741.52,34.18,4.78
1042,248,5284.12,1281.92,21.31,5.17
896,112,5274.46,1516.98,47.09,13.54
1256,170,5274.32,453.22,31.03,2.67
1974,198,5266.0,828.55,26.6,4.18
196,186,5261.19,1284.02,28.29,6.9
1263,126,5257.44,749.3,41.73,5.95
939,154,5254.66,1349.25,34.12,8.76
1648,116,5250.36,1285.19,45.26,11.08
601,79,5241.27,778.35,66.35,9.85
242,87,5231.8,721.99,60.14,8.3
156,587,5224.07,783.03,8.9,1.33
1676,97,5203.43,784.96,53.64,8.09
1588,234,5199.98,569.89,22.22,2.44
2050,160,5193.22,1014.32,32.46,6.34
1070,177,5187.13,769.28,29.31,4.35
1039,82,5168.38,632.15,63.03,7.71
1065,50,5167.16,1114.2,103.34,22.28
1748,247,5161.78,1106.9,20.9,4.48
1169,128,5159.4,1278.71,40.31,9.99
608,217,5148.98,663.27,23.73,3.06
17,124,5139.63,1186.06,41.45,9.56
582,142,5137.7397,707.31,36.18,4.98
1050,135,5134.89,654.64,38.04,4.85
1445,178,5130.59,978.52,28.82,5.5
1943,212,5116.58,864.74,24.13,4.08
1927,98,5097.28,896.76,52.01,9.15
845,117,5097.28,776.25,43.57,6.63
671,127,5089.66,717.56,40.08,5.65
2082,191,5082.41,995.76,26.61,5.21
856,182,5080.04,1228.72,27.91,6.75
1490,208,5064.7,1244.66,24.35,5.98
581,146,5060.44,1257.01,34.66,8.61
1312,134,5055.88,818.1899999999999,37.73,6.11
1134,51,5050.53,735.95,99.03,14.43
1285,137,5048.59,1401.66,36.85,10.23
656,95,5040.28,920.69,53.06,9.69
39,64,5033.66,828.0,78.65,12.94
1936,463,5029.86,788.22,10.86,1.7
1178,212,5022.28,1358.05,23.69,6.41
1774,66,5012.46,828.45,75.95,12.55
300,107,4974.31,899.72,46.49,8.41
931,42,4967.07,1100.98,118.26,26.21
690,273,4963.14,675.63,18.18,2.47
68,553,4960.77,1008.59,8.97,1.82
2024,99,4956.9897,634.78,50.07,6.41
1821,128,4937.27,736.27,38.57,5.75
1454,154,4934.0,843.6,32.04,5.48
518,153,4926.37,1242.38,32.2,8.12
493,196,4925.56,770.66,25.13,3.93
2051,288,4923.16,590.49,17.09,2.05
727,118,4923.13,956.85,41.72,8.11
1428,164,4911.53,1062.44,29.95,6.48
2088,109,4905.71,982.33,45.01,9.01
36,221,4898.25,867.76,22.16,3.93
1045,295,4893.11,818.18,16.59,2.77
886,198,4890.11,656.22,24.7,3.31
1390,211,4879.86,1477.92,23.13,7.0
303,199,4879.67,1301.01,24.52,6.54
2006,111,4873.24,1249.3,43.9,11.25
1056,66,4871.09,796.66,73.8,12.07
1923,167,4870.31,450.95,29.16,2.7
1675,102,4862.09,1547.69,47.67,15.17
1879,274,4861.95,810.28,17.74,2.96
1591,111,4844.96,859.4,43.65,7.74
491,124,4835.71,538.92,39.0,4.35
1802,52,4835.44,579.88,92.99,11.15
675,223,4832.38,631.96,21.67,2.83
1462,120,4830.0,928.66,40.25,7.74
1294,56,4829.32,716.59,86.24,12.8
725,133,4828.58,1607.53,36.31,12.09
334,466,4827.8,1428.43,10.36,3.07
2047,119,4816.35,820.28,40.47,6.89
193,136,4814.66,585.8,35.4,4.31
2042,29,4809.05,891.2,165.83,30.73
1163,153,4808.01,817.29,31.42,5.34
1085,106,4806.0,858.63,45.34,8.1
2079,120,4802.87,717.45,40.02,5.98
262,218,4802.27,810.49,22.03,3.72
817,147,4801.85,1312.96,32.67,8.93
1279,199,4793.46,816.81,24.09,4.1
1437,99,4775.56,1343.14,48.24,13.57
1673,110,4773.85,859.07,43.4,7.81
975,182,4769.31,473.13,26.21,2.6
1459,79,4769.04,687.86,60.37,8.71
1563,113,4754.88,735.49,42.08,6.51
2075,155,4736.51,994.11,30.56,6.41
1623,180,4733.62,935.41,26.3,5.2
744,158,4730.31,1193.33,29.94,7.55
893,111,4729.01,569.63,42.6,5.13
674,139,4727.57,816.58,34.01,5.87
1483,112,4725.27,914.5,42.19,8.17
503,151,4723.8,794.06,31.28,5.26
1193,219,4723.65,1115.29,21.57,5.09
378,325,4715.42,663.72,14.51,2.04
376,493,4714.62,638.78,9.56,1.3
85,282,4696.4897,952.86,16.65,3.38
1164,104,4689.35,314.34,45.09,3.02
1238,51,4678.61,1424.46,91.74,27.93
386,281,4676.43,1251.56,16.64,4.45
239,264,4671.2,1110.48,17.69,4.21
989,174,4663.38,986.53,26.8,5.67
1856,459,4661.53,902.95,10.16,1.97
127,191,4658.23,1410.67,24.39,7.39
1703,233,4648.88,704.6899999999999,19.95,3.02
997,92,4646.81,447.65,50.51,4.87
1053,96,4616.42,502.57,48.09,5.24
1634,85,4616.14,939.0600000000001,54.31,11.05
882,240,4609.8,974.43,19.21,4.06
820,208,4603.98,762.76,22.13,3.67
849,62,4599.52,492.69,74.19,7.95
1990,131,4593.26,838.64,35.06,6.4
105,169,4591.67,1339.95,27.17,7.93
1568,81,4575.94,1321.63,56.49,16.32
526,183,4574.92,612.58,25.0,3.35
1172,167,4569.2397,604.81,27.36,3.62
1618,99,4562.48,586.67,46.09,5.93
1138,212,4546.37,810.97,21.45,3.83
118,90,4526.21,543.47,50.29,6.04
230,168,4521.01,1052.68,26.91,6.27
409,135,4499.85,1442.84,33.33,10.69
1558,145,4487.1,433.01,30.95,2.99
1245,254,4469.27,685.38,17.6,2.7
1723,86,4469.2197,257.32,51.97,2.99
1159,233,4468.63,648.5,19.18,2.78
438,67,4456.52,978.22,66.52,14.6
1619,185,4454.73,611.97,24.08,3.31
1980,54,4443.15,858.1,82.28,15.89
682,217,4438.29,1032.48,20.45,4.76
1640,151,4410.1,729.29,29.21,4.83
1815,89,4405.47,758.8,49.5,8.53
577,39,4399.53,499.88,112.81,12.82
31,69,4396.9,1201.55,63.72,17.41
1929,62,4395.83,774.66,70.9,12.49
1394,151,4391.58,781.76,29.08,5.18
1113,176,4391.3,1104.19,24.95,6.27
1205,186,4383.72,1085.0,23.57,5.83
538,69,4382.21,555.46,63.51,8.05
1160,145,4377.96,1010.01,30.19,6.97
1473,118,4339.15,511.5,36.77,4.33
1,86,4330.16,777.6,50.35,9.04
1409,87,4324.03,584.27,49.7,6.72
1046,153,4314.95,486.46,28.2,3.18
208,140,4296.33,1294.17,30.69,9.24
1997,67,4295.68,486.65,64.11,7.26
881,139,4295.11,962.92,30.9,6.93
164,116,4272.41,1087.0,36.83,9.37
548,93,4255.83,890.42,45.76,9.57
1366,256,4242.62,725.92,16.57,2.84
1031,146,4232.12,335.5,28.99,2.3
285,202,4227.64,935.68,20.93,4.63
972,197,4219.18,533.55,21.42,2.71
1982,160,4213.85,517.22,26.34,3.23
1749,122,4209.35,492.79,34.5,4.04
1820,77,4208.08,442.48,54.65,5.75
1014,161,4199.76,668.43,26.09,4.15
195,91,4166.72,1134.99,45.79,12.47
282,110,4162.56,592.05,37.84,5.38
1434,220,4160.33,680.25,18.91,3.09
1515,99,4158.2,629.61,42.0,6.36
1271,132,4155.52,692.16,31.48,5.24
1919,100,4154.95,934.2,41.55,9.34
1000,138,4150.76,548.59,30.08,3.98
1751,142,4142.87,1049.55,29.18,7.39
1965,163,4142.69,688.49,25.42,4.22
1468,81,4131.73,485.32,51.01,5.99
1783,91,4125.89,661.7,45.34,7.27
1754,209,4120.16,1606.33,19.71,7.69
714,294,4117.34,1448.65,14.0,4.93
1814,52,4107.85,524.84,79.0,10.09
1546,113,4095.3699,773.38,36.24,6.84
1001,90,4082.0,477.79,45.36,5.31
1914,157,4075.95,287.21,25.96,1.83
1363,58,4075.4,681.59,70.27,11.75
1617,104,4067.8,706.45,39.11,6.79
1317,196,4065.24,806.54,20.74,4.12
2036,49,4064.45,412.31,82.95,8.41
955,274,4053.69,687.45,14.79,2.51
1505,103,4053.23,616.45,39.35,5.98
1412,77,4053.15,637.2,52.64,8.28
857,43,4040.81,546.96,93.97,12.72
2018,148,4038.15,573.82,27.28,3.88
1810,266,4025.5898,314.89,15.13,1.18
706,133,4024.6,759.79,30.26,5.71
1353,132,4019.91,1060.33,30.45,8.03
86,46,4019.44,518.88,87.38,11.28
807,123,4014.02,1085.01,32.63,8.82
1759,219,4009.62,1010.99,18.31,4.62
1236,194,3993.01,685.68,20.58,3.53
1806,139,3979.6,735.76,28.63,5.29
612,144,3978.72,675.98,27.63,4.69
732,104,3967.82,1238.53,38.15,11.91
293,108,3957.66,742.25,36.64,6.87
961,72,3956.27,351.83,54.95,4.89
742,328,3950.96,631.73,12.05,1.93
79,154,3950.1199,828.62,25.65,5.38
1545,174,3948.53,676.76,22.69,3.89
1763,149,3919.3699,546.37,26.3,3.67
779,86,3918.28,478.4,45.56,5.56
64,264,3917.81,565.95,14.84,2.14
804,221,3917.74,1135.47,17.73,5.14
1123,73,3915.81,626.78,53.64,8.59
384,80,3914.84,575.6,48.94,7.2
1735,93,3902.77,619.51,41.97,6.66
623,124,3899.16,952.45,31.44,7.68
393,180,3895.24,878.22,21.64,4.88
1420,79,3891.97,877.24,49.27,11.1
692,124,3891.14,374.03,31.38,3.02
490,80,3886.8699,1493.8,48.59,18.67
1607,138,3882.88,2488.6,28.14,18.03
1145,81,3875.17,820.03,47.84,10.12
1517,135,3871.04,1256.69,28.67,9.31
1816,160,3869.51,653.38,24.18,4.08
1548,112,3850.53,763.41,34.38,6.82
1622,106,3844.31,961.32,36.27,9.07
1520,142,3839.36,681.28,27.04,4.8
1425,131,3828.6,1279.01,29.23,9.76
305,141,3827.02,658.98,27.14,4.67
597,100,3826.25,667.49,38.26,6.67
133,75,3823.89,913.91,50.99,12.19
1227,86,3810.36,477.17,44.31,5.55
1015,108,3807.72,751.83,35.26,6.96
983,196,3807.15,880.26,19.42,4.49
1154,127,3803.55,814.86,29.95,6.42
1556,138,3799.8,1106.14,27.53,8.02
353,125,3799.2,573.78,30.39,4.59
1577,82,3794.61,662.86,46.28,8.08
752,106,3792.56,578.76,35.78,5.46
2095,164,3790.49,509.45,23.11,3.11
1406,116,3790.44,581.5,32.68,5.01
1939,75,3784.6199,684.08,50.46,9.12
1147,57,3779.3599,585.11,66.3,10.27
434,117,3778.75,691.19,32.3,5.91
192,95,3778.08,567.58,39.77,5.97
1261,228,3777.98,629.5600000000001,16.57,2.76
210,147,3772.56,952.87,25.66,6.48
644,214,3772.03,600.52,17.63,2.81
1834,135,3769.5,769.97,27.92,5.7
1687,106,3766.27,851.48,35.53,8.03
916,206,3764.6,609.18,18.27,2.96
1872,162,3762.97,514.91,23.23,3.18
319,109,3758.5,835.48,34.48,7.66
957,576,3754.9,702.63,6.52,1.22
576,167,3750.1199,505.4,22.46,3.03
205,106,3749.64,492.53,35.37,4.65
1375,122,3745.41,752.34,30.7,6.17
517,105,3742.89,559.01,35.65,5.32
1067,62,3741.92,731.47,60.35,11.8
1511,149,3740.16,779.95,25.1,5.23
1316,58,3736.48,594.26,64.42,10.25
710,229,3724.48,711.66,16.26,3.11
1776,231,3724.26,696.96,16.12,3.02
1188,149,3722.22,1216.42,24.98,8.16
715,178,3712.14,1183.57,20.85,6.65
1004,253,3708.72,437.8,14.66,1.73
1417,75,3703.93,845.4399999999999,49.39,11.27
543,104,3697.55,477.05,35.55,4.59
911,75,3696.76,456.78000000000003,49.29,6.09
971,126,3676.15,461.71,29.18,3.66
1403,151,3673.26,393.19,24.33,2.6
1117,186,3667.44,474.74,19.72,2.55
1800,85,3667.31,452.46999999999997,43.14,5.32
405,98,3652.97,800.64,37.28,8.17
480,92,3646.39,769.72,39.63,8.37
1869,119,3630.62,1045.35,30.51,8.78
1574,28,3616.03,1339.75,129.14,47.85
1540,143,3598.69,731.18,25.17,5.11
1794,77,3594.48,487.15,46.68,6.33
464,173,3590.49,1367.4,20.75,7.9
527,130,3581.52,733.85,27.55,5.64
928,137,3571.7,530.2,26.07,3.87
1708,58,3571.6,1059.49,61.58,18.27
1025,81,3552.13,765.46,43.85,9.45
1976,165,3546.81,533.66,21.5,3.23
297,114,3535.6199,637.35,31.01,5.59
138,68,3529.19,759.63,51.9,11.17
1822,218,3516.44,630.35,16.13,2.89
680,96,3513.02,942.82,36.59,9.82
1962,132,3512.55,363.5,26.61,2.75
1730,167,3509.78,41.47,21.02,0.25
1779,109,3508.58,1088.64,32.19,9.99
1258,232,3502.45,731.53,15.1,3.15
109,104,3501.07,453.55,33.66,4.36
1011,140,3495.2,399.24,24.97,2.85
432,257,3486.55,483.42,13.57,1.88
1627,114,3484.02,512.04,30.56,4.49
1458,126,3480.63,814.29,27.62,6.46
816,106,3468.66,470.82,32.72,4.44
110,185,3461.32,597.01,18.71,3.23
1463,139,3460.15,834.16,24.89,6.0
1270,73,3455.32,362.48,47.33,4.97
1731,72,3451.81,964.71,47.94,13.4
1017,63,3436.26,590.91,54.54,9.38
943,144,3434.14,701.47,23.85,4.87
1069,55,3433.27,684.01,62.42,12.44
1732,98,3427.3,625.53,34.97,6.38
741,88,3414.6,674.5600000000001,38.8,7.67
1719,83,3402.45,569.42,40.99,6.86
7,59,3400.05,512.91,57.63,8.69
370,133,3386.78,515.26,25.46,3.87
32,116,3381.82,394.13,29.15,3.4
1896,129,3378.34,623.53,26.19,4.83
1104,118,3378.16,452.41,28.63,3.83
71,90,3376.03,570.13,37.51,6.33
632,94,3370.68,816.02,35.86,8.68
428,95,3361.43,706.04,35.38,7.43
1347,131,3360.34,396.58,25.65,3.03
1773,91,3356.9,404.45,36.89,4.44
877,63,3355.07,546.52,53.26,8.67
598,213,3354.9,549.96,15.75,2.58
2053,165,3351.34,628.07,20.31,3.81
93,106,3346.72,726.18,31.57,6.85
1756,67,3344.29,509.96999999999997,49.91,7.61
546,122,3339.0,847.6,27.37,6.95
590,134,3338.41,683.26,24.91,5.1
922,150,3336.99,375.45,22.25,2.5
1190,253,3327.02,561.07,13.15,2.22
606,97,3323.12,465.01,34.26,4.79
114,88,3315.63,531.52,37.68,6.04
1946,49,3312.46,597.59,67.6,12.2
923,164,3305.54,642.68,20.16,3.92
1481,164,3298.77,511.81,20.11,3.12
1291,103,3290.01,597.76,31.94,5.8
540,93,3280.73,449.02,35.28,4.83
1058,563,3280.18,567.11,5.83,1.01
2065,89,3268.33,666.55,36.72,7.49
1488,76,3246.92,749.3,42.72,9.86
1621,90,3231.48,668.57,35.91,7.43
287,271,3229.28,513.51,11.92,1.89
1781,93,3228.57,387.81,34.72,4.17
123,174,3222.65,744.26,18.52,4.28
603,182,3219.5,624.92,17.69,3.43
1484,106,3209.39,620.56,30.28,5.85
473,70,3208.71,683.21,45.84,9.76
688,28,3207.6099,456.92,114.56,16.32
687,69,3205.8,768.7,46.46,11.14
607,216,3203.01,1125.51,14.83,5.21
663,105,3199.53,890.78,30.47,8.48
764,112,3196.78,895.32,28.54,7.99
621,142,3179.15,434.64,22.39,3.06
562,79,3178.11,610.96,40.23,7.73
377,133,3166.45,580.37,23.81,4.36
23,110,3158.58,278.98,28.71,2.54
776,72,3153.7,765.16,43.8,10.63
731,233,3151.31,638.29,13.52,2.74
2057,125,3150.45,721.61,25.2,5.77
25,94,3149.65,567.32,33.51,6.04
1792,126,3140.33,605.99,24.92,4.81
918,152,3135.38,521.35,20.63,3.43
1942,151,3135.06,325.78,20.76,2.16
567,254,3134.9,610.93,12.34,2.41
266,59,3130.22,441.6,53.05,7.48
381,93,3120.79,471.59,33.56,5.07
2034,140,3118.35,658.67,22.27,4.7
784,134,3117.66,409.39,23.27,3.06
1824,165,3117.11,842.11,18.89,5.1
288,92,3114.77,326.26,33.86,3.55
1066,245,3114.34,696.79,12.71,2.84
573,102,3111.55,489.4,30.51,4.8
41,73,3107.13,613.95,42.56,8.41
57,194,3105.8699,506.2,16.01,2.61
1369,144,3105.71,419.26,21.57,2.91
1922,113,3096.94,319.93,27.41,2.83
442,214,3094.71,578.97,14.46,2.71
1218,96,3093.53,657.17,32.22,6.85
1016,40,3089.84,311.36,77.25,7.78
336,120,3089.74,346.95,25.75,2.89
350,103,3083.25,287.34,29.93,2.79
1382,116,3082.47,618.27,26.57,5.33
1064,44,3074.68,854.99,69.88,19.43
139,83,3073.33,524.79,37.03,6.32
1747,92,3066.6,621.65,33.33,6.76
993,126,3064.8699,629.14,24.32,4.99
583,156,3063.34,499.08,19.64,3.2
1357,87,3061.9,1037.84,35.19,11.93
736,60,3061.6199,389.93,51.03,6.5
166,122,3059.69,374.35,25.08,3.07
797,92,3059.57,237.22,33.26,2.58
1109,87,3059.0,476.67,35.16,5.48
2094,75,3055.52,693.96,40.74,9.25
1989,153,3052.87,697.17,19.95,4.56
212,109,3052.66,457.64,28.01,4.2
495,73,3050.52,1071.59,41.79,14.68
51,83,3046.86,352.24,36.71,4.24
1306,171,3041.69,550.51,17.79,3.22
162,71,3037.54,301.99,42.78,4.25
1131,102,3034.77,639.0,29.75,6.26
1128,234,3027.0,419.03,12.94,1.79
329,146,3026.71,253.54,20.73,1.74
1925,118,3019.2,260.7,25.59,2.21
978,71,3014.35,407.96,42.46,5.75
1073,121,3014.08,363.75,24.91,3.01
1268,71,3013.56,437.85,42.44,6.17
417,84,3012.96,613.96,35.87,7.31
1918,69,3012.49,601.88,43.66,8.72
1087,149,3010.24,759.92,20.2,5.1
314,41,3004.01,462.75,73.27,11.29
80,94,3002.09,872.31,31.94,9.28
578,117,2996.69,450.28000000000003,25.61,3.85
596,113,2996.3699,345.12,26.52,3.05
1187,133,2996.18,436.21999999999997,22.53,3.28
165,174,2995.47,1030.48,17.22,5.92
1836,93,2991.96,285.68,32.17,3.07
1833,83,2991.81,860.7,36.05,10.37
362,91,2987.49,432.46,32.83,4.75
1594,118,2986.13,544.56,25.31,4.61
700,39,2981.04,566.77,76.44,14.53
37,63,2976.66,547.44,47.25,8.69
1791,140,2970.1,699.48,21.22,5.0
2040,422,2968.51,678.43,7.03,1.61
484,137,2964.51,519.11,21.64,3.79
1753,456,2964.05,426.73,6.5,0.94
348,126,2961.83,653.05,23.51,5.18
1300,84,2959.65,569.2,35.23,6.78
1467,835,2957.82,511.62,3.54,0.61
903,72,2949.56,395.04,40.97,5.49
1765,62,2949.01,650.27,47.56,10.49
873,113,2938.15,859.39,26.0,7.61
2084,132,2937.95,825.49,22.26,6.25
385,41,2929.72,550.07,71.46,13.42
1881,119,2913.96,302.38,24.49,2.54
1729,85,2910.6099,523.74,34.24,6.16
1158,219,2903.2,742.08,13.26,3.39
1526,199,2901.09,596.19,14.58,3.0
91,181,2899.66,302.99,16.02,1.67
1916,150,2885.7,537.59,19.24,3.58
221,79,2879.29,689.17,36.45,8.72
1537,148,2878.58,411.9,19.45,2.78
132,98,2875.24,497.04,29.34,5.07
73,164,2864.18,243.29,17.46,1.48
1858,67,2860.07,459.48,42.69,6.86
944,104,2859.76,362.09,27.5,3.48
325,75,2850.58,1088.4,38.01,14.51
1578,94,2846.81,501.04,30.29,5.33
790,58,2842.63,300.95,49.01,5.19
1374,99,2841.56,410.27,28.7,4.14
1389,41,2841.16,264.22,69.3,6.44
356,234,2837.33,281.53,12.13,1.2
1325,64,2835.99,285.48,44.31,4.46
708,68,2828.06,416.38,41.59,6.12
697,62,2823.59,326.39,45.54,5.26
249,137,2823.23,545.68,20.61,3.98
335,147,2822.18,239.0,19.2,1.63
1659,130,2820.61,602.61,21.7,4.64
1287,159,2818.0,503.08,17.72,3.16
763,40,2815.58,494.4,70.39,12.36
1151,159,2808.91,420.64,17.67,2.65
136,77,2804.82,613.16,36.43,7.96
1524,60,2800.81,548.98,46.68,9.15
533,64,2792.8699,520.7,43.64,8.14
1157,104,2779.86,319.44,26.73,3.07
1116,64,2779.14,579.54,43.42,9.06
681,66,2773.19,261.27,42.02,3.96
1368,32,2766.97,318.48,86.47,9.95
901,76,2766.7,536.37,36.4,7.06
1293,176,2762.8,351.44,15.7,2.0
14,140,2761.19,609.06,19.72,4.35
614,122,2757.24,628.58,22.6,5.15
157,172,2748.95,430.33,15.98,2.5
777,40,2745.75,292.32,68.64,7.31
223,118,2738.98,481.69,23.21,4.08
1418,78,2735.2,353.01,35.07,4.53
1297,147,2733.28,234.32,18.59,1.59
672,121,2731.15,814.95,22.57,6.74
1344,27,2728.78,573.1,101.07,21.23
1559,60,2725.42,291.67,45.42,4.86
1953,113,2722.81,427.41,24.1,3.78
483,98,2718.99,824.73,27.74,8.42
1431,155,2718.4,289.22,17.54,1.87
1689,122,2711.79,634.67,22.23,5.2
748,84,2709.18,733.78,32.25,8.74
445,232,2696.5,414.92,11.62,1.79
1072,61,2694.8,613.19,44.18,10.05
338,154,2690.97,535.4399999999999,17.47,3.48
257,122,2689.99,690.28,22.05,5.66
848,29,2684.13,409.78000000000003,92.56,14.13
1932,74,2678.78,347.85,36.2,4.7
1847,103,2678.71,618.92,26.01,6.01
733,76,2678.56,593.03,35.24,7.8
1930,182,2674.9,409.3,14.7,2.25
108,62,2671.16,374.77,43.08,6.04
1457,39,2667.34,547.53,68.39,14.04
1324,42,2667.23,780.99,63.51,18.6
1849,162,2666.5,793.64,16.46,4.9
545,56,2660.28,478.58,47.51,8.55
214,86,2657.91,523.57,30.91,6.09
1217,54,2656.9,604.08,49.2,11.19
1996,119,2654.2,334.39,22.3,2.81
3,47,2653.21,736.35,56.45,15.67
443,103,2644.21,744.15,25.67,7.22
467,145,2642.99,540.02,18.23,3.72
1427,83,2640.47,605.39,31.81,7.29
1696,62,2640.01,269.61,42.58,4.35
1960,93,2637.78,669.01,28.36,7.19
258,211,2631.11,709.17,12.47,3.36
2030,90,2628.1,472.07,29.2,5.25
1724,95,2626.98,371.01,27.65,3.91
216,120,2624.5,304.57,21.87,2.54
843,74,2619.23,454.92,35.39,6.15
1678,79,2613.99,394.63,33.09,5.0
1543,84,2612.4,700.41,31.1,8.34
885,87,2602.8,513.44,29.92,5.9
1681,90,2602.28,421.82,28.91,4.69
1796,60,2601.06,321.99,43.35,5.37
1269,109,2595.17,514.38,23.81,4.72
1494,85,2595.09,369.74,30.53,4.35
701,39,2593.56,345.13,66.5,8.85
738,101,2593.12,528.65,25.67,5.23
119,62,2593.01,216.86,41.82,3.5
1745,125,2591.48,520.07,20.73,4.16
2063,81,2591.43,531.11,31.99,6.56
823,117,2590.15,309.76,22.14,2.65
1003,63,2588.73,597.47,41.09,9.48
307,415,2582.03,542.86,6.22,1.31
1639,110,2578.1,489.15,23.44,4.45
312,40,2578.05,461.69,64.45,11.54
1350,131,2568.6,565.29,19.61,4.32
117,94,2568.21,557.31,27.32,5.93
364,86,2566.92,533.07,29.85,6.2
2068,108,2561.4,749.22,23.72,6.94
1440,100,2551.58,653.77,25.52,6.54
841,157,2550.37,535.46,16.24,3.41
98,205,2547.3,528.12,12.43,2.58
1328,96,2544.89,464.16,26.51,4.84
1572,52,2544.41,527.21,48.93,10.14
1126,28,2543.36,556.12,90.83,19.86
1550,338,2542.45,470.23,7.52,1.39
1963,50,2542.45,436.45,50.85,8.73
401,96,2538.88,496.11,26.45,5.17
954,53,2537.43,889.27,47.88,16.78
1354,87,2534.76,459.47,29.14,5.28
946,136,2530.45,543.59,18.61,4.0
1410,45,2525.94,563.79,56.13,12.53
220,91,2525.24,507.78000000000003,27.75,5.58
953,114,2513.39,569.15,22.05,4.99
2033,109,2512.78,232.78,23.05,2.14
691,54,2511.33,377.59000000000003,46.51,6.99
637,113,2510.04,675.93,22.21,5.98
78,210,2505.14,400.63,11.93,1.91
787,190,2504.59,406.86,13.18,2.14
273,127,2500.86,292.82,19.69,2.31
1983,38,2497.9,326.79,65.73,8.6
563,72,2488.77,432.59,34.57,6.01
414,153,2488.65,444.92,16.27,2.91
1121,61,2486.64,679.61,40.76,11.14
1010,91,2486.39,304.19,27.32,3.34
1191,98,2485.8699,323.06,25.37,3.3
1405,55,2480.88,411.32,45.11,7.48
1968,89,2479.97,459.08,27.86,5.16
291,61,2474.49,499.06,40.57,8.18
1464,76,2474.4,833.5,32.56,10.97
1032,92,2473.76,228.34,26.89,2.48
408,56,2470.99,361.88,44.12,6.46
1005,180,2470.09,614.73,13.72,3.42
1358,123,2466.68,684.16,20.05,5.56
1364,145,2466.05,489.64,17.01,3.38
308,83,2465.26,228.5,29.7,2.75
2002,63,2465.1199,672.14,39.13,10.67
1883,126,2460.98,500.98,19.53,3.98
1544,54,2457.93,325.32,45.52,6.02
1798,42,2457.51,508.17,58.51,12.1
1460,57,2455.68,384.1,43.08,6.74
1772,97,2452.88,394.73,25.29,4.07
2056,108,2450.8,424.37,22.69,3.93
879,96,2448.6,435.14,25.51,4.53
960,106,2447.49,223.15,23.09,2.11
1474,72,2445.87,532.84,33.97,7.4
424,24,2441.79,274.31,101.74,11.43
1972,120,2435.73,397.38,20.3,3.31
217,65,2435.12,574.55,37.46,8.84
558,115,2426.35,370.15,21.1,3.22
412,112,2426.3,710.13,21.66,6.34
1519,30,2425.66,485.27,80.86,16.18
594,104,2421.39,765.34,23.28,7.36
322,71,2418.88,336.39,34.07,4.74
2055,133,2408.74,304.8,18.11,2.29
1089,96,2404.98,424.49,25.05,4.42
228,87,2404.81,530.27,27.64,6.1
1841,32,2401.78,305.87,75.06,9.56
1129,73,2401.41,333.47,32.9,4.57
1940,75,2392.72,356.3,31.9,4.75
1570,51,2389.96,705.54,46.86,13.83
1506,144,2389.2,443.64,16.59,3.08
622,147,2384.3699,372.47,16.22,2.53
1998,331,2383.54,594.16,7.2,1.8
430,107,2377.09,433.57,22.22,4.05
451,161,2376.28,334.28,14.76,2.08
280,105,2375.86,625.07,22.63,5.95
595,146,2373.74,576.8,16.26,3.95
1592,52,2371.59,230.42,45.61,4.43
441,76,2369.9,289.47,31.18,3.81
1224,92,2363.78,466.1,25.69,5.07
1084,225,2363.16,324.73,10.5,1.44
2059,54,2359.1199,481.69,43.69,8.92
1514,57,2355.31,400.67,41.32,7.03
122,132,2354.22,687.96,17.83,5.21
1012,121,2342.51,413.34,19.36,3.42
514,66,2339.27,247.12,35.44,3.74
924,95,2336.18,287.52,24.59,3.03
1894,42,2335.47,379.42,55.61,9.03
987,75,2334.53,452.18,31.13,6.03
2008,68,2332.45,308.49,34.3,4.54
1426,65,2330.8699,351.26,35.86,5.4
654,146,2330.08,516.34,15.96,3.54
47,111,2329.13,293.55,20.98,2.64
1928,114,2328.3699,617.68,20.42,5.42
309,22,2325.59,470.39,105.71,21.38
142,176,2324.19,396.07,13.21,2.25
2078,92,2323.92,384.42,25.26,4.18
436,30,2318.74,311.44,77.29,10.38
808,206,2317.9,361.62,11.25,1.76
611,73,2316.24,579.27,31.73,7.94
1392,109,2315.07,538.61,21.24,4.94
542,123,2313.52,545.82,18.81,4.44
604,56,2311.65,290.55,41.28,5.19
947,221,2305.51,341.07,10.43,1.54
470,156,2305.0,158.32,14.78,1.01
549,98,2299.35,369.6,23.46,3.77
502,57,2298.84,469.48,40.33,8.24
100,33,2294.6199,393.77,69.53,11.93
2092,122,2290.54,417.31,18.77,3.42
552,44,2289.47,682.36,52.03,15.51
778,123,2285.59,505.15,18.58,4.11
1691,50,2283.69,449.84,45.67,9.0
1668,94,2283.69,199.03,24.29,2.12
1051,55,2275.67,319.4,41.38,5.81
251,83,2268.51,481.02,27.33,5.8
1102,81,2263.4,673.71,27.94,8.32
2039,74,2260.46,506.35,30.55,6.84
1650,106,2259.16,379.63,21.31,3.58
1912,96,2256.45,382.17,23.5,3.98
640,92,2253.25,537.63,24.49,5.84
770,43,2246.36,921.72,52.24,21.44
1969,230,2246.2,674.19,9.77,2.93
1402,165,2245.76,323.62,13.61,1.96
211,112,2244.06,383.14,20.04,3.42
1076,86,2241.01,254.12,26.06,2.95
1356,86,2239.34,412.0,26.04,4.79
344,48,2237.91,366.66,46.62,7.64
1586,72,2237.21,175.55,31.07,2.44
402,80,2233.84,297.72,27.92,3.72
1119,68,2232.75,651.13,32.83,9.58
121,112,2225.58,405.87,19.87,3.62
1547,289,2222.05,246.71,7.69,0.85
1443,182,2221.48,167.5,12.21,0.92
996,139,2220.85,512.08,15.98,3.68
726,71,2220.15,516.85,31.27,7.28
1931,101,2211.08,641.42,21.89,6.35
1862,142,2210.04,422.31,15.56,2.97
642,64,2208.34,249.31,34.51,3.9
1080,84,2206.1099,460.47,26.26,5.48
941,122,2206.06,272.82,18.08,2.24
952,111,2201.47,342.71,19.83,3.09
1181,89,2196.58,459.88,24.68,5.17
1664,41,2194.31,597.55,53.52,14.57
1485,66,2187.88,216.31,33.15,3.28
863,146,2183.53,318.28,14.96,2.18
1933,85,2180.22,381.49,25.65,4.49
1330,86,2177.55,527.44,25.32,6.13
1746,49,2177.16,416.1,44.43,8.49
753,50,2177.13,595.3,43.54,11.91
416,29,2177.04,389.44,75.07,13.43
933,79,2175.19,452.55,27.53,5.73
1956,60,2174.55,352.12,36.24,5.87
1502,47,2160.82,332.73,45.97,7.08
1174,122,2156.65,473.03,17.68,3.88
1596,28,2154.63,311.69,76.95,11.13
802,59,2154.43,263.89,36.52,4.47
999,57,2154.25,420.2,37.79,7.37
1926,73,2145.71,864.51,29.39,11.84
159,86,2143.87,427.97,24.93,4.98
2066,112,2141.78,578.94,19.12,5.17
1709,87,2141.64,498.75,24.62,5.73
1742,282,2140.0999,251.62,7.59,0.89
1018,167,2138.59,313.18,12.81,1.88
185,68,2137.62,616.39,31.44,9.06
1438,41,2130.77,199.37,51.97,4.86
420,99,2130.58,332.51,21.52,3.36
144,88,2126.31,462.78000000000003,24.16,5.26
342,48,2125.51,432.79,44.28,9.02
1296,80,2124.43,623.29,26.56,7.79
1567,155,2124.23,247.36,13.7,1.6
1137,134,2121.89,279.64,15.83,2.09
28,125,2119.6199,311.19,16.96,2.49
1499,89,2106.09,575.0,23.66,6.46
1632,64,2104.91,287.32,32.89,4.49
180,68,2103.4,396.48,30.93,5.83
474,36,2102.36,591.42,58.4,16.43
155,52,2101.05,348.33,40.4,6.7
1642,125,2096.12,542.32,16.77,4.34
1446,44,2095.83,464.68,47.63,10.56
398,125,2092.6,417.78,16.74,3.34
785,103,2089.8,218.67,20.29,2.12
1021,99,2086.1199,266.17,21.07,2.69
799,68,2084.11,749.24,30.65,11.02
1132,58,2073.6199,411.41,35.75,7.09
520,112,2071.15,607.02,18.49,5.42
1239,26,2068.5,430.5,79.56,16.56
2069,89,2068.17,303.94,23.24,3.42
813,33,2065.1,248.84,62.58,7.54
1387,66,2057.95,388.87,31.18,5.89
985,110,2057.47,539.62,18.7,4.91
481,49,2055.92,432.87,41.96,8.83
278,84,2053.56,361.26,24.45,4.3
1155,41,2053.02,570.59,50.07,13.92
684,107,2052.67,281.75,19.18,2.63
1071,84,2052.29,354.36,24.43,4.22
1307,174,2049.58,220.7,11.78,1.27
74,131,2047.64,884.08,15.63,6.75
1332,60,2047.26,287.45,34.12,4.79
1660,62,2045.5,552.8100000000001,32.99,8.92
964,88,2044.85,337.38,23.24,3.83
1204,81,2043.13,559.21,25.22,6.9
65,122,2042.1699,239.94,16.74,1.97
1758,70,2041.93,425.67,29.17,6.08
1241,91,2041.45,380.73,22.43,4.18
1680,51,2039.68,604.24,39.99,11.85
803,65,2036.84,363.64,31.34,5.59
963,43,2036.66,268.57,47.36,6.25
1082,142,2032.54,540.1,14.31,3.8
178,119,2028.47,343.04,17.05,2.88
950,58,2027.0,343.34,34.95,5.92
1651,65,2025.08,347.73,31.16,5.35
170,45,2024.51,526.73,44.99,11.71
757,40,2023.37,321.35,50.58,8.03
1692,150,2017.18,685.76,13.45,4.57
106,67,2014.66,200.38,30.07,2.99
1826,111,1994.47,531.22,17.97,4.79
1957,44,1994.23,321.68,45.32,7.31
974,43,1993.0599,339.04,46.35,7.88
1470,133,1991.33,324.34,14.97,2.44
655,61,1991.29,394.64,32.64,6.47
1964,68,1990.12,445.77,29.27,6.56
743,71,1988.97,389.88,28.01,5.49
1549,177,1988.91,419.73,11.24,2.37
42,89,1985.86,561.52,22.31,6.31
2028,91,1984.73,321.93,21.81,3.54
524,72,1984.58,679.27,27.56,9.43
1784,40,1980.62,336.0,49.52,8.4
1790,47,1978.83,277.52,42.1,5.9
2003,42,1976.48,256.56,47.06,6.11
833,34,1975.5599,604.05,58.1,17.77
1877,64,1975.04,426.72,30.86,6.67
1284,160,1974.49,410.22,12.34,2.56
1987,76,1973.54,662.92,25.97,8.72
1542,116,1969.93,357.6,16.98,3.08
1182,124,1966.38,296.26,15.86,2.39
1954,143,1965.65,266.69,13.75,1.86
53,56,1962.26,382.38,35.04,6.83
2,45,1954.34,343.99,43.43,7.64
907,92,1953.06,481.13,21.23,5.23
1716,180,1950.26,303.18,10.83,1.68
1812,104,1948.99,366.58,18.74,3.52
852,95,1943.73,208.47,20.46,2.19
26,113,1937.39,321.64,17.15,2.85
1890,51,1934.45,217.92,37.93,4.27
1048,103,1934.45,242.15,18.78,2.35
1136,59,1934.11,493.74,32.78,8.37
197,55,1929.23,213.91,35.08,3.89
1920,93,1927.74,187.31,20.73,2.01
1448,80,1927.33,160.62,24.09,2.01
1702,30,1927.05,392.27,64.24,13.08
945,51,1926.03,326.57,37.77,6.4
1683,86,1920.99,283.36,22.34,3.29
1231,55,1919.79,548.31,34.91,9.97
1532,86,1916.02,307.98,22.28,3.58
1196,27,1915.95,224.99,70.96,8.33
2027,133,1915.28,506.25,14.4,3.81
24,74,1911.11,442.64,25.83,5.98
648,73,1910.4,220.64,26.17,3.02
1582,37,1907.02,216.28,51.54,5.85
1288,55,1896.5,366.19,34.48,6.66
1124,79,1896.39,466.43,24.0,5.9
1112,52,1889.45,163.93,36.34,3.15
1793,63,1888.55,390.82,29.98,6.2
1321,204,1888.13,443.59,9.26,2.17
865,35,1887.73,447.41,53.94,12.78
1452,374,1884.05,232.69,5.04,0.62
194,73,1882.8099,285.45,25.79,3.91
265,53,1881.76,427.15,35.5,8.06
760,70,1872.52,226.23,26.75,3.23
158,180,1869.79,528.07,10.39,2.93
1861,123,1868.45,439.48,15.19,3.57
602,53,1850.07,284.89,34.91,5.38
1508,81,1849.2,525.81,22.83,6.49
482,61,1848.52,418.3,30.3,6.86
188,43,1847.62,451.4,42.97,10.5
1761,31,1845.46,353.13,59.53,11.39
2077,109,1835.18,203.9,16.84,1.87
914,60,1834.08,167.73,30.57,2.8
1663,196,1834.06,95.01,9.36,0.48
793,107,1832.03,418.61,17.12,3.91
1825,43,1831.84,360.08,42.6,8.37
529,56,1831.14,390.74,32.7,6.98
913,69,1830.63,285.19,26.53,4.13
1115,51,1828.64,151.73,35.86,2.98
986,90,1827.87,442.81,20.31,4.92
515,47,1826.73,386.32,38.87,8.22
1808,96,1824.33,246.1,19.0,2.56
1331,105,1821.03,316.08,17.34,3.01
435,93,1817.22,1137.73,19.54,12.23
279,53,1816.62,413.13,34.28,7.79
390,108,1806.02,264.03,16.72,2.44
1705,176,1805.9299,347.24,10.26,1.97
2023,109,1805.63,505.58,16.57,4.64
1889,46,1803.8,278.15,39.21,6.05
1967,73,1802.9299,270.78,24.7,3.71
815,47,1802.37,466.41,38.35,9.92
652,48,1800.09,252.83,37.5,5.27
302,95,1797.53,223.85,18.92,2.36
1859,35,1791.28,202.46,51.18,5.78
396,107,1790.73,328.12,16.74,3.07
1593,43,1789.1,332.97,41.61,7.74
627,45,1785.46,173.69,39.68,3.86
541,47,1784.19,388.38,37.96,8.26
1338,189,1783.98,366.22,9.44,1.94
264,61,1783.07,375.75,29.23,6.16
1495,165,1779.86,265.75,10.79,1.61
1658,69,1778.67,301.05,25.78,4.36
1233,38,1778.52,331.59,46.8,8.73
406,45,1776.65,173.51,39.48,3.86
479,185,1773.3,409.87,9.59,2.22
1905,81,1772.91,252.69,21.89,3.12
1580,201,1771.02,405.69,8.81,2.02
172,159,1770.87,163.81,11.14,1.03
269,84,1764.76,260.39,21.01,3.1
1839,99,1764.15,229.97,17.82,2.32
965,52,1764.07,417.24,33.92,8.02
1717,88,1757.9,679.59,19.98,7.72
1698,38,1757.51,242.15,46.25,6.37
694,154,1756.64,186.95,11.41,1.21
1857,82,1755.3,257.1,21.41,3.14
862,71,1753.9,313.39,24.7,4.41
794,32,1752.5,409.52,54.77,12.8
2037,97,1743.97,318.87,17.98,3.29
1223,57,1743.69,354.39,30.59,6.22
1782,37,1742.85,156.24,47.1,4.22
1120,87,1737.84,317.61,19.98,3.65
1713,37,1733.8099,184.35,46.86,4.98
2071,215,1732.97,362.88,8.06,1.69
2016,126,1728.53,457.86,13.72,3.63
818,52,1724.59,199.04,33.17,3.83
140,140,1720.64,345.0,12.29,2.46
1672,75,1718.08,308.04,22.91,4.11
357,22,1704.27,545.12,77.47,24.78
244,41,1698.95,251.78,41.44,6.14
2073,72,1697.23,499.83,23.57,6.94
419,46,1696.61,491.55,36.88,10.69
1423,189,1695.76,221.58,8.97,1.17
830,231,1694.32,449.92,7.33,1.95
646,41,1691.72,481.26,41.26,11.74
1267,66,1689.84,170.42,25.6,2.58
2029,46,1688.9,367.3,36.72,7.98
59,44,1688.33,397.18,38.37,9.03
458,127,1685.64,778.19,13.27,6.13
1973,130,1683.5499,156.98,12.95,1.21
330,189,1679.38,245.2,8.89,1.3
720,86,1678.7999,109.08,19.52,1.27
547,55,1676.76,370.33,30.49,6.73
1512,93,1674.23,225.69,18.0,2.43
215,142,1672.66,316.16,11.78,2.23
181,39,1670.82,358.7,42.84,9.2
447,136,1670.44,318.3,12.28,2.34
937,68,1669.89,352.59,24.56,5.19
339,67,1668.92,617.93,24.91,9.22
1523,67,1668.3,358.34,24.9,5.35
609,162,1665.89,379.81,10.28,2.34
781,57,1665.51,583.87,29.22,10.24
1949,54,1658.96,350.64,30.72,6.49
1266,115,1657.11,539.17,14.41,4.69
801,29,1652.07,661.7,56.97,22.82
343,67,1650.64,229.51,24.64,3.43
938,26,1647.36,252.86,63.36,9.73
1450,90,1647.2,329.7,18.3,3.66
1902,21,1646.0,400.38,78.38,19.07
1525,38,1645.25,400.31,43.3,10.53
1575,55,1642.49,325.21,29.86,5.91
2043,65,1640.79,334.75,25.24,5.15
1295,68,1637.41,326.21,24.08,4.8
829,32,1635.21,376.09,51.1,11.75
1961,92,1634.22,292.81,17.76,3.18
1200,30,1619.45,364.7,53.98,12.16
1407,35,1615.94,150.27,46.17,4.29
1700,33,1606.69,374.81,48.69,11.36
2010,58,1605.98,260.38,27.69,4.49
1948,83,1602.32,305.02,19.31,3.67
1038,275,1602.0,323.8,5.83,1.18
1911,124,1601.27,219.32,12.91,1.77
677,45,1600.99,237.88,35.58,5.29
224,56,1600.8,516.96,28.59,9.23
544,131,1594.85,305.71,12.17,2.33
737,52,1593.51,280.07,30.64,5.39
236,47,1591.78,448.37,33.87,9.54
92,57,1587.38,441.19,27.85,7.74
765,30,1586.58,255.0,52.89,8.5
798,54,1586.58,333.67,29.38,6.18
1685,97,1571.37,225.66,16.2,2.33
1624,82,1567.81,243.33,19.12,2.97
394,65,1565.89,154.6,24.09,2.38
935,57,1564.67,125.03,27.45,2.19
836,75,1564.35,306.44,20.86,4.09
1127,29,1563.53,321.62,53.91,11.09
183,136,1560.67,199.71,11.48,1.47
153,92,1558.65,328.28000000000003,16.94,3.57
536,87,1557.13,450.75,17.9,5.18
782,70,1557.05,307.16,22.24,4.39
1665,108,1556.84,510.03,14.42,4.72
1785,75,1555.7,408.83,20.74,5.45
634,35,1555.15,258.36,44.43,7.38
1019,53,1553.5599,263.37,29.31,4.97
1646,68,1553.53,148.82,22.85,2.19
649,55,1553.45,338.19,28.24,6.15
476,29,1551.27,241.04,53.49,8.31
1329,31,1546.05,323.62,49.87,10.44
769,46,1543.63,300.03,33.56,6.52
450,65,1540.45,402.23,23.7,6.19
2048,47,1538.46,187.47,32.73,3.99
160,57,1536.09,233.59,26.95,4.1
754,32,1535.13,101.2,47.97,3.16
1383,128,1532.65,242.59,11.97,1.9
927,46,1530.88,473.7,33.28,10.3
962,53,1530.44,511.82,28.88,9.66
471,51,1530.12,378.55,30.0,7.42
475,41,1525.02,273.65,37.2,6.67
554,21,1524.33,175.29,72.59,8.35
1844,83,1523.8,113.94,18.36,1.37
1768,70,1522.47,369.24,21.75,5.27
1728,21,1517.1799,254.77,72.25,12.13
111,51,1515.65,370.55,29.72,7.27
1289,525,1512.08,217.21,2.88,0.41
16,98,1512.02,172.29,15.43,1.76
462,97,1510.63,270.22,15.57,2.79
1809,61,1509.41,345.26,24.74,5.66
1690,59,1508.04,345.87,25.56,5.86
2009,33,1506.88,300.13,45.66,9.09
1456,69,1506.5,277.68,21.83,4.02
1507,26,1499.37,205.6,57.67,7.91
1062,216,1495.76,337.7,6.92,1.56
281,79,1495.08,397.52,18.93,5.03
1301,80,1494.22,186.68,18.68,2.33
1077,36,1492.81,211.29,41.47,5.87
2014,44,1489.89,268.78,33.86,6.11
2038,59,1489.8,289.22,25.25,4.9
1298,50,1487.99,279.14,29.76,5.58
1733,34,1487.37,162.12,43.75,4.77
147,36,1487.21,717.75,41.31,19.94
1192,100,1482.54,247.48,14.83,2.47
530,53,1476.22,169.8,27.85,3.2
875,68,1473.27,395.15,21.67,5.81
1487,38,1471.28,166.53,38.72,4.38
145,59,1470.49,382.6,24.92,6.48
919,135,1469.45,230.64000000000001,10.88,1.71
1075,67,1469.02,398.09,21.93,5.94
847,53,1463.32,146.84,27.61,2.77
1643,46,1461.4,320.86,31.77,6.98
1921,104,1460.12,605.6899999999999,14.04,5.82
1978,89,1459.6799,188.88,16.4,2.12
507,66,1455.43,340.53,22.05,5.16
152,37,1454.28,478.01,39.3,12.92
1981,100,1450.68,511.72,14.51,5.12
1684,50,1449.58,193.69,28.99,3.87
1555,89,1446.54,328.82,16.25,3.69
1819,68,1446.23,260.17,21.27,3.83
1088,91,1439.61,442.58,15.82,4.86
2005,52,1439.19,346.67,27.68,6.67
201,48,1435.17,363.64,29.9,7.58
869,130,1428.67,240.76,10.99,1.85
1661,44,1425.4,129.39,32.4,2.94
1671,38,1420.41,214.87,37.38,5.65
991,31,1419.88,40.92,45.8,1.32
1362,61,1418.76,113.38,23.26,1.86
650,78,1415.65,395.24,18.15,5.07
643,31,1415.59,550.74,45.66,17.77
1225,76,1415.38,240.32,18.62,3.16
1780,43,1413.68,200.4,32.88,4.66
1165,57,1413.52,293.2,24.8,5.14
391,49,1412.64,197.18,28.83,4.02
537,45,1411.25,198.05,31.36,4.4
1265,49,1409.87,376.38,28.77,7.68
561,26,1404.36,276.85,54.01,10.65
570,35,1400.11,438.64,40.0,12.53
1608,40,1399.89,425.39,35.0,10.63
1083,54,1396.9299,355.51,25.87,6.58
245,48,1396.45,402.63,29.09,8.39
981,36,1394.11,232.52,38.73,6.46
2021,77,1393.24,302.35,18.09,3.93
1701,31,1390.28,106.82,44.85,3.45
227,135,1390.25,708.61,10.3,5.25
1257,31,1389.12,249.03,44.81,8.03
705,93,1385.93,276.31,14.9,2.97
861,34,1382.53,132.86,40.66,3.91
662,39,1381.73,224.97,35.43,5.77
128,41,1381.08,197.03,33.68,4.81
1738,62,1379.36,638.55,22.25,10.3
1133,115,1377.66,243.91,11.98,2.12
1161,63,1377.57,301.75,21.87,4.79
271,98,1375.52,245.37,14.04,2.5
1518,34,1373.77,356.46,40.41,10.48
1007,122,1368.97,303.83,11.22,2.49
2011,104,1367.34,326.51,13.15,3.14
1033,26,1366.97,478.09,52.58,18.39
1993,82,1359.33,334.58,16.58,4.08
1832,55,1357.55,280.53,24.68,5.1
311,51,1351.13,150.9,26.49,2.96
1345,56,1348.5599,194.26,24.08,3.47
368,53,1346.46,238.52,25.4,4.5
1569,104,1345.59,271.62,12.94,2.61
1891,38,1344.71,256.0,35.39,6.74
29,69,1343.03,301.59,19.46,4.37
112,80,1342.65,86.27,16.78,1.08
580,98,1337.7,176.04,13.65,1.8
1372,25,1337.07,239.07,53.48,9.56
1185,61,1334.18,246.64,21.87,4.04
1818,72,1333.43,219.03,18.52,3.04
980,29,1330.22,274.68,45.87,9.47
1063,57,1327.48,503.6,23.29,8.84
1068,111,1321.85,317.25,11.91,2.86
734,76,1319.76,229.61,17.37,3.02
617,27,1315.54,232.09,48.72,8.6
534,465,1315.44,178.81,2.83,0.38
1686,95,1313.76,328.61,13.83,3.46
535,34,1308.76,542.71,38.49,15.96
1152,77,1305.66,220.8,16.96,2.87
2096,26,1301.65,343.75,50.06,13.22
795,45,1295.91,244.69,28.8,5.44
716,81,1290.68,578.23,15.93,7.14
1601,23,1288.54,193.12,56.02,8.4
388,58,1286.54,505.37,22.18,8.71
1194,62,1276.74,255.25,20.59,4.12
2032,66,1274.78,141.17,19.31,2.14
759,41,1274.09,75.16,31.08,1.83
331,65,1273.3,155.10999999999999,19.59,2.39
1195,41,1271.09,172.95,31.0,4.22
539,65,1269.09,321.01,19.52,4.94
167,20,1268.02,119.2,63.4,5.96
940,65,1261.62,202.67,19.41,3.12
444,44,1261.62,164.99,28.67,3.75
1030,30,1260.29,115.25,42.01,3.84
1851,41,1255.55,263.69,30.62,6.43
506,32,1254.17,164.9,39.19,5.15
455,25,1253.4,135.52,50.14,5.42
850,97,1252.91,222.21,12.92,2.29
1581,28,1249.26,396.97,44.62,14.18
333,39,1248.8099,372.07,32.02,9.54
1404,44,1248.19,217.87,28.37,4.95
286,41,1245.24,130.54,30.37,3.18
247,59,1243.06,167.76,21.07,2.84
318,92,1242.25,176.97,13.5,1.92
261,44,1241.87,124.36,28.22,2.83
1122,77,1236.98,165.15,16.06,2.14
1616,38,1235.72,252.1,32.52,6.63
625,34,1233.92,352.19,36.29,10.36
148,55,1231.76,135.89,22.4,2.47
1036,27,1231.17,146.73,45.6,5.43
723,23,1230.83,263.46,53.51,11.45
1492,95,1226.29,250.9,12.91,2.64
151,49,1226.14,370.76,25.02,7.57
107,41,1222.83,173.37,29.83,4.23
984,32,1219.71,426.62,38.12,13.33
566,146,1218.08,218.22,8.34,1.49
995,21,1217.16,187.34,57.96,8.92
2001,35,1214.28,220.3,34.69,6.29
1560,44,1209.04,460.69,27.48,10.47
174,27,1208.39,251.17,44.76,9.3
84,52,1208.09,152.15,23.23,2.93
226,50,1205.0599,275.44,24.1,5.51
698,127,1204.49,177.84,9.48,1.4
1055,81,1204.41,236.69,14.87,2.92
1755,31,1202.51,174.84,38.79,5.64
87,45,1202.3,85.0,26.72,1.89
2090,56,1201.03,306.38,21.45,5.47
33,52,1200.74,274.93,23.09,5.29
4,30,1200.11,118.15,40.0,3.94
1562,39,1198.02,357.65,30.72,9.17
1636,22,1197.77,226.13,54.44,10.28
459,67,1194.94,96.26,17.83,1.44
1359,76,1192.68,224.96,15.69,2.96
508,55,1190.51,250.89,21.65,4.56
1086,30,1188.61,226.44,39.62,7.55
83,110,1183.74,183.92000000000002,10.76,1.67
2013,94,1182.47,215.6,12.58,2.29
96,59,1182.43,169.06,20.04,2.87
2026,18,1181.63,660.13,65.65,36.67
1838,34,1179.61,418.83,34.69,12.32
1695,160,1174.5599,273.44,7.34,1.71
1346,80,1174.31,169.68,14.68,2.12
48,50,1172.83,216.7,23.46,4.33
1637,66,1170.13,411.91,17.73,6.24
1777,75,1169.97,191.72,15.6,2.56
1743,43,1168.94,233.29,27.18,5.43
75,64,1167.09,189.82,18.24,2.97
824,57,1167.03,299.14,20.47,5.25
747,136,1166.73,305.96,8.58,2.25
200,80,1166.63,172.23,14.58,2.15
812,93,1165.27,215.66,12.53,2.32
1140,21,1164.18,185.96,55.44,8.86
912,20,1164.11,187.99,58.21,9.4
1259,33,1163.62,265.99,35.26,8.06
182,36,1162.34,274.89,32.29,7.64
1469,44,1160.0,207.86,26.36,4.72
729,32,1159.32,230.79,36.23,7.21
259,54,1158.33,119.55,21.45,2.21
910,34,1158.11,166.44,34.06,4.9
175,51,1154.02,188.95,22.63,3.7
1252,46,1152.78,539.68,25.06,11.73
1903,40,1152.32,288.01,28.81,7.2
668,57,1151.04,381.99,20.19,6.7
410,129,1148.42,453.23,8.9,3.51
628,18,1147.99,151.92,63.78,8.44
1979,101,1146.67,282.86,11.35,2.8
1153,65,1142.86,285.91,17.58,4.4
1395,40,1142.42,217.64000000000001,28.56,5.44
1141,59,1137.28,274.45,19.28,4.65
887,48,1133.71,249.69,23.62,5.2
1649,48,1132.4,163.36,23.59,3.4
1606,21,1131.91,208.89,53.9,9.95
177,50,1130.58,257.64,22.61,5.15
828,37,1123.16,217.67,30.36,5.88
667,66,1121.2,341.34,16.99,5.17
775,33,1121.0,180.82,33.97,5.48
846,34,1120.9,183.24,32.97,5.39
2025,33,1119.54,117.01,33.93,3.55
35,60,1119.51,154.35999999999999,18.66,2.57
512,25,1114.44,289.97,44.58,11.6
571,16,1114.16,124.56,69.64,7.78
730,92,1111.69,185.46,12.08,2.02
719,34,1098.51,300.66,32.31,8.84
584,56,1098.3,108.27,19.61,1.93
1787,61,1097.5,286.13,17.99,4.69
894,31,1095.29,172.78,35.33,5.57
1867,75,1093.51,430.7,14.58,5.74
1970,69,1091.08,224.29,15.81,3.25
1744,58,1088.62,96.18,18.77,1.66
1522,35,1086.5599,225.29,31.04,6.44
1552,35,1084.76,136.62,30.99,3.9
2035,68,1083.62,296.07,15.94,4.35
1666,82,1078.47,150.92000000000002,13.15,1.84
1208,54,1078.06,165.14,19.96,3.06
1037,33,1076.69,87.08,32.63,2.64
959,60,1074.69,136.45,17.91,2.27
427,53,1073.01,120.31,20.25,2.27
55,141,1072.79,194.34,7.61,1.38
1994,43,1069.0,218.46,24.86,5.08
890,31,1068.91,329.03,34.48,10.61
749,77,1066.62,238.67,13.85,3.1
1027,41,1064.99,212.61,25.98,5.19
1699,29,1064.84,387.82,36.72,13.37
735,92,1062.25,125.04,11.55,1.36
137,38,1062.17,287.68,27.95,7.57
531,40,1060.64,325.67,26.52,8.14
1290,34,1060.24,318.66,31.18,9.37
1319,48,1059.79,377.41,22.08,7.86
340,29,1057.5599,212.17,36.47,7.32
1408,57,1055.29,146.07,18.51,2.56
1047,80,1052.94,210.04,13.16,2.63
658,49,1052.48,250.87,21.48,5.12
1237,20,1051.16,171.72,52.56,8.59
1500,54,1051.12,164.1,19.47,3.04
1482,18,1042.35,273.18,57.91,15.18
1465,56,1038.52,159.48,18.55,2.85
316,53,1037.78,198.63,19.58,3.75
977,34,1036.52,215.67,30.49,6.34
1054,41,1035.19,172.05,25.25,4.2
369,35,1034.95,149.78,29.57,4.28
1938,28,1032.95,120.21,36.89,4.29
1399,33,1032.63,183.57999999999998,31.29,5.56
1313,30,1030.97,145.6,34.37,4.85
1466,38,1029.47,128.37,27.09,3.38
1817,48,1024.72,145.44,21.35,3.03
666,100,1020.7,186.46,10.21,1.86
1945,19,1020.57,138.26,53.71,7.28
1958,35,1017.86,181.67,29.08,5.19
229,40,1004.89,342.81,25.12,8.57
1198,44,1004.6,245.68,22.83,5.58
1952,36,1003.87,209.17000000000002,27.89,5.81
1079,50,1001.3,164.92,20.03,3.3
2044,49,1000.83997,115.26,20.43,2.35
1156,29,999.33,136.27,34.46,4.7
2049,36,998.12,202.52,27.73,5.63
1171,34,996.6,82.05,29.31,2.41
207,21,995.72,120.55,47.42,5.74
664,31,995.08,247.77,32.1,7.99
1093,33,993.76,206.71,30.11,6.26
1043,19,988.73,403.17,52.04,21.22
1715,53,983.52997,129.49,18.56,2.44
422,20,983.32,369.18,49.17,18.46
1554,46,982.76,160.81,21.36,3.5
1531,45,978.91,188.67,21.75,4.19
1335,31,978.87,368.02,31.58,11.87
399,17,978.48,146.18,57.56,8.6
292,83,977.07,218.76999999999998,11.77,2.64
1002,30,973.93,174.25,32.46,5.81
15,55,972.52997,161.09,17.68,2.93
1688,36,971.12,260.07,26.98,7.22
1114,44,970.95,254.64,22.07,5.79
915,119,970.11,82.66,8.15,0.69
930,43,966.88,475.24,22.49,11.05
202,37,964.88,161.38,26.08,4.36
1498,26,960.18,161.38,36.93,6.21
1189,51,954.20996,123.24,18.71,2.42
433,76,949.82,100.69,12.5,1.32
1697,42,949.01,179.32,22.6,4.27
1013,35,947.02997,187.71,27.06,5.36
834,28,946.27997,142.42,33.8,5.09
1652,39,946.0,139.23,24.26,3.57
1118,16,945.89,157.01,59.12,9.81
1092,42,944.69,177.96,22.49,4.24
1493,25,943.13,210.5,37.73,8.42
337,61,933.59,300.39,15.3,4.92
1513,64,931.89,165.31,14.56,2.58
204,57,929.27,236.41,16.3,4.15
1895,49,927.56,176.23,18.93,3.6
270,41,923.46,277.46,22.52,6.77
486,29,922.39,128.97,31.81,4.45
2081,35,921.83997,191.22,26.34,5.46
1210,37,921.33,225.14,24.9,6.08
1600,64,914.7,243.32999999999998,14.29,3.8
403,46,914.56,252.25,19.88,5.48
774,16,909.96,192.09,56.87,12.01
1875,44,909.05,131.02,20.66,2.98
203,42,908.83,129.95,21.64,3.09
1842,19,906.65,87.42999999999999,47.72,4.6
498,58,904.18,143.53,15.59,2.47
572,45,903.15,175.89,20.07,3.91
525,40,902.77,183.97,22.57,4.6
773,22,899.63,101.82,40.89,4.63
1304,90,899.49,256.96,9.99,2.86
1913,49,895.76,211.54999999999998,18.28,4.32
1235,20,894.0,99.37,44.7,4.97
1667,42,891.1,325.41,21.22,7.75
904,31,890.25,131.86,28.72,4.25
43,106,884.84,94.49,8.35,0.89
1530,48,879.93,96.83,18.33,2.02
44,32,877.76,133.74,27.43,4.18
1107,22,877.32,223.32,39.88,10.15
1887,88,876.88,212.67,9.96,2.42
1168,69,874.23,76.2,12.67,1.1
395,68,872.91,234.08,12.84,3.44
21,27,870.11,166.66,32.23,6.17
1615,42,869.28,198.91,20.7,4.74
349,34,869.16,123.57,25.56,3.63
1718,35,868.69,136.69,24.82,3.91
154,30,867.18,134.83,28.91,4.49
822,42,866.56,215.37,20.63,5.13
521,53,858.8,105.84,16.2,2.0
1310,34,857.98,180.48,25.23,5.31
550,39,854.91,194.58,21.92,4.99
551,52,853.65,239.76,16.42,4.61
126,31,853.45,184.9,27.53,5.96
1496,12,852.95,146.96,71.08,12.25
1811,16,852.56,211.76,53.28,13.24
905,31,851.93,98.09,27.48,3.16
246,47,847.25,141.86,18.03,3.02
839,10,846.7,85.94,84.67,8.59
1150,14,845.39,153.99,60.39,11.0
146,41,843.02,217.31,20.56,5.3
564,52,842.45,114.36,16.2,2.2
1034,70,840.87,108.22,12.01,1.55
897,62,840.23,98.35,13.55,1.59
1371,45,835.71,206.73,18.57,4.59
2091,15,834.56,153.51,55.64,10.23
1874,33,834.29,165.88,25.28,5.03
1242,35,830.11,270.36,23.72,7.72
1384,33,827.46,245.88,25.07,7.45
449,34,827.44,132.32,24.34,3.89
1725,19,826.74,57.51,43.51,3.03
992,102,823.35,57.67,8.07,0.57
1219,121,823.08,145.93,6.8,1.21
1455,14,820.18,138.74,58.58,9.91
519,32,819.13,229.56,25.6,7.17
1429,83,818.56,383.06,9.86,4.62
1604,156,818.41003,95.17999999999999,5.25,0.61
477,65,812.27997,163.66,12.5,2.52
268,30,809.21,205.78,26.97,6.86
45,57,807.08997,66.5,14.16,1.17
585,42,805.07,284.38,19.17,6.77
189,38,801.99,86.46,21.1,2.28
1597,54,801.63,138.45,14.85,2.56
1551,18,800.11,118.03,44.45,6.56
9,20,797.42,182.2,39.87,9.11
837,36,793.38,217.29999999999998,22.04,6.04
1805,77,792.2,34.19,10.29,0.44
1377,35,791.33997,73.28,22.61,2.09
1281,38,788.4,109.24,20.75,2.87
176,23,788.29,151.19,34.27,6.57
1220,31,787.04,172.09,25.39,5.55
452,26,786.99,355.0,30.27,13.65
1654,40,786.52997,67.42,19.66,1.69
1215,15,786.45,86.22,52.43,5.75
1999,52,783.33,158.93,15.06,3.06
5,40,779.06,118.33,19.48,2.96
1739,34,778.4,192.15,22.89,5.65
814,23,773.76,127.71,33.64,5.55
1880,36,773.39,179.58,21.48,4.99
1843,42,770.14996,101.24,18.34,2.41
1262,29,769.72,182.61,26.54,6.3
497,63,766.4,167.09,12.17,2.65
1207,108,765.37,264.14,7.09,2.45
659,32,760.89,137.12,23.78,4.28
460,113,760.45,148.45,6.73,1.31
639,79,759.83,130.66,9.62,1.65
1801,64,758.74,105.0,11.86,1.64
1302,36,757.95,127.59,21.05,3.54
277,31,754.05,257.49,24.32,8.31
1521,43,753.95,214.91,17.53,5.0
1860,58,753.42,177.19,12.99,3.06
499,70,753.36,119.88,10.76,1.71
1135,64,748.88,201.11,11.7,3.14
1950,31,746.74,186.5,24.09,6.02
453,34,742.95,82.99,21.85,2.44
1941,135,742.85,187.54,5.5,1.39
1910,26,741.83,85.7,28.53,3.3
171,25,740.46,169.16,29.62,6.77
326,26,739.72,169.91,28.45,6.54
1278,19,738.33997,216.81,38.86,11.41
1750,20,736.42,236.23,36.82,11.81
225,44,729.82,116.11,16.59,2.64
1605,57,729.22,260.32,12.79,4.57
1712,33,728.93,140.64,22.09,4.26
557,29,718.46,115.73,24.77,3.99
457,78,718.0,144.98,9.21,1.86
1898,48,717.71,251.09,14.95,5.23
135,74,717.5,106.71,9.7,1.44
665,39,715.98,83.61,18.36,2.14
1587,68,714.61,137.08,10.51,2.02
1908,38,714.31,114.69,18.8,3.02
1184,13,713.9,148.34,54.92,11.41
38,27,706.13,61.66,26.15,2.28
673,50,704.61,125.02,14.09,2.5
187,59,701.0,173.24,11.88,2.94
1868,39,700.96,251.6,17.97,6.45
1049,55,698.06,187.26,12.69,3.4
407,52,696.38,368.42,13.39,7.08
190,23,696.27997,137.98,30.27,6.0
382,34,694.7,70.71000000000001,20.43,2.08
556,15,693.86,124.78,46.26,8.32
238,28,693.4,89.95,24.76,3.21
970,15,691.45,109.7,46.1,7.31
2099,53,691.3,81.17,13.04,1.53
1125,89,691.1,109.56,7.77,1.23
756,24,690.42,151.94,28.77,6.33
1846,25,690.39,308.01,27.62,12.32
951,18,690.22,77.78,38.35,4.32
1311,17,685.63,228.69,40.33,13.45
124,61,683.41,149.54,11.2,2.45
1106,38,683.26,139.39,17.98,3.67
1099,28,683.13,185.45,24.4,6.62
2098,13,682.46,104.25,52.5,8.02
1827,41,682.23,125.41,16.64,3.06
811,39,680.23,146.25,17.44,3.75
2074,29,678.72,150.14000000000001,23.4,5.18
1611,51,677.46,105.35,13.28,2.07
884,70,674.35,73.49,9.63,1.05
255,18,672.09,158.64,37.34,8.81
199,54,667.97,132.16,12.37,2.45
1711,11,664.98,163.29,60.45,14.84
461,39,664.8,196.44,17.05,5.04
592,34,660.79,161.28,19.43,4.74
1373,40,657.52,75.67,16.44,1.89
1173,41,655.77,65.51,15.99,1.6
1221,15,652.33997,82.38,43.49,5.49
626,25,649.33,128.6,25.97,5.14
496,13,648.4,106.12,49.88,8.16
1657,50,647.9,46.8,12.96,0.94
116,83,647.72,271.11,7.8,3.27
593,57,646.4,116.98,11.34,2.05
233,15,645.39,112.12,43.03,7.47
1315,5,645.36,133.8,129.07,26.76
724,26,639.3,62.5,24.59,2.4
2046,48,638.8,83.79,13.31,1.75
1360,23,630.19,80.91,27.4,3.52
2060,32,629.9,61.19,19.68,1.91
1334,57,629.58,141.19,11.05,2.48
1878,35,625.64,112.36,17.88,3.21
1276,20,623.45,59.34,31.17,2.97
30,28,622.8,103.89,22.24,3.71
1213,46,622.22003,85.09,13.53,1.85
179,38,620.56,142.11,16.33,3.74
809,57,619.75,170.78,10.87,3.0
717,51,616.72,56.44,12.09,1.11
366,48,615.78,190.58,12.83,3.97
1361,11,608.58,100.32000000000001,55.33,9.12
213,9,606.5,83.64,67.39,9.29
1447,40,604.95,77.8,15.12,1.94
1244,34,603.45,104.77,17.75,3.08
1095,30,599.54,42.37,19.98,1.41
750,49,598.62,132.56,12.22,2.71
1424,57,595.22,127.15,10.44,2.23
1286,30,595.0,99.63,19.83,3.32
858,42,594.23,87.48,14.15,2.08
1884,30,592.73,62.96,19.76,2.1
1096,47,592.36,76.94,12.6,1.64
1629,9,590.71,79.53,65.63,8.84
63,33,589.6,72.64,17.87,2.2
1202,25,587.47,131.29,23.5,5.25
1401,52,587.37,229.2,11.3,4.41
994,21,581.45,104.09,27.69,4.96
780,67,579.72,195.34,8.65,2.92
1641,47,577.62,116.66,12.29,2.48
610,24,573.06,146.61,23.88,6.11
1253,24,570.15,150.73,23.76,6.28
746,39,569.05,37.8,14.59,0.97
439,38,568.21,46.5,14.95,1.22
1571,49,567.87,60.01,11.59,1.22
82,51,566.51,90.54,11.11,1.78
1351,91,564.4,154.93,6.2,1.7
1760,53,563.64,60.09,10.63,1.13
767,13,562.77,133.53,43.29,10.27
1951,18,561.48,89.45,31.19,4.97
555,21,561.02997,63.14,26.72,3.01
1439,33,555.56,126.0,16.84,3.82
721,46,553.57,49.839999999999996,12.03,1.08
191,34,552.85,149.05,16.26,4.38
2000,61,552.29,159.02,9.05,2.61
1638,51,552.18,189.55,10.83,3.72
854,36,551.87,90.27,15.33,2.51
237,6,549.58997,78.43,91.6,13.07
1486,14,548.32,88.16,39.17,6.3
1355,14,547.82,135.72,39.13,9.69
1871,20,547.41,44.65,27.37,2.23
1909,22,546.99,89.93,24.86,4.09
1628,18,546.77997,81.36,30.38,4.52
429,43,542.89,239.71,12.63,5.57
1934,15,542.87,136.16,36.19,9.08
103,51,541.99,107.69,10.63,2.11
713,24,540.9,137.66,22.54,5.74
347,15,540.76,51.23,36.05,3.42
810,37,540.1,44.54,14.6,1.2
1201,38,537.6,120.58,14.15,3.17
284,21,534.98,64.57,25.48,3.07
686,21,534.57,91.78,25.46,4.37
1771,11,532.2,46.77,48.38,4.25
431,36,531.67,129.76,14.77,3.6
1992,30,528.65,105.3,17.62,3.51
1497,9,527.3,62.72,58.59,6.97
1255,28,522.3,181.03,18.65,6.47
751,27,521.04,108.36,19.3,4.01
1292,27,520.32,79.54,19.27,2.95
1614,75,518.16,74.78,6.91,1.0
504,7,516.34,158.15,73.76,22.59
415,16,514.63,64.79,32.16,4.05
1340,57,512.52997,70.62,8.99,1.24
1435,13,511.78,127.68,39.37,9.82
130,20,511.62,55.73,25.58,2.79
1008,40,511.12,38.12,12.78,0.95
168,37,510.8,61.12,13.81,1.65
1538,32,504.92,97.9,15.78,3.06
1655,41,502.77,99.08,12.26,2.42
1105,9,500.14,70.99,55.57,7.89
565,21,498.06,47.04,23.72,2.24
320,19,497.41,58.87,26.18,3.1
448,45,493.37,53.22,10.96,1.18
1603,11,492.72,140.15,44.79,12.74
1249,23,491.62,70.3,21.37,3.06
2093,19,490.98,94.57,25.84,4.98
90,10,490.41,57.21,49.04,5.72
1232,22,488.49,162.14,22.2,7.37
917,44,488.48,114.21,11.1,2.6
1471,32,486.72,82.92999999999999,15.21,2.59
1915,28,485.8,41.01,17.35,1.46
925,79,485.24,76.89,6.14,0.97
1422,11,481.77,141.05,43.8,12.82
832,14,479.24,48.32,34.23,3.45
1148,26,478.59,49.31,18.41,1.9
501,22,478.13,118.30000000000001,21.73,5.38
1327,9,477.17,126.11,53.02,14.01
616,10,476.14,164.92,47.61,16.49
129,40,475.73,77.26,11.89,1.93
1576,18,471.11,153.6,26.17,8.53
1625,41,464.63998,70.09,11.33,1.71
821,17,464.56,14.08,27.33,0.83
1766,38,460.68,102.93,12.12,2.71
678,57,459.16998,107.4,8.06,1.88
1656,10,458.22,47.68,45.82,4.77
141,52,448.34,61.22,8.62,1.18
1565,31,447.91,113.04,14.45,3.65
360,37,447.6,67.69,12.1,1.83
796,50,445.65,205.39000000000001,8.91,4.11
892,22,443.31,155.35999999999999,20.15,7.06
94,36,442.63998,110.77,12.3,3.08
254,43,442.13998,69.65,10.28,1.62
372,10,440.42,103.62,44.04,10.36
1564,36,437.77,92.71,12.16,2.58
579,23,435.26,185.58,18.92,8.07
1341,13,434.77,220.22,33.44,16.94
1162,33,431.76,98.25,13.08,2.98
711,36,429.79,67.91,11.94,1.89
645,49,429.06,96.88,8.76,1.98
1280,24,427.63,60.22,17.82,2.51
260,30,425.04,51.25,14.17,1.71
1044,20,423.51,101.89,21.18,5.09
466,17,423.32,57.11,24.9,3.36
1026,26,412.54,132.82999999999998,15.87,5.11
1863,14,411.45,111.51,29.39,7.97
1786,44,409.73,29.43,9.31,0.67
34,36,407.38,70.84,11.32,1.97
488,20,406.96,48.269999999999996,20.35,2.41
1886,31,406.25,57.0,13.1,1.84
1449,39,405.83,62.35,10.41,1.6
1882,26,405.54,67.65,15.6,2.6
1398,20,404.96,83.61,20.25,4.18
532,23,401.88,38.7,17.47,1.68
272,7,401.62,75.57000000000001,57.37,10.8
1441,13,401.47,60.29,30.88,4.64
1561,6,401.41,55.68,66.9,9.28
60,8,400.94,216.37,50.12,27.05
1704,46,400.83,76.64,8.71,1.67
1644,26,397.47998,63.35,15.29,2.44
66,29,395.95,82.78,13.65,2.85
1799,52,395.47,22.06,7.61,0.42
341,30,393.5,102.33,13.12,3.41
1339,6,390.16,82.18,65.03,13.7
783,17,387.34,127.28999999999999,22.78,7.49
206,15,386.6,77.12,25.77,5.14
267,26,385.56,37.45,14.83,1.44
838,32,384.69,59.83,12.02,1.87
465,44,382.55,66.42,8.69,1.51
629,27,377.49,65.0,13.98,2.41
1736,22,374.48,98.35,17.02,4.47
528,17,373.83,40.0,21.99,2.35
1893,18,373.71,23.83,20.76,1.32
1573,96,372.87,64.52,3.88,0.67
651,8,370.53,116.03999999999999,46.32,14.5
789,26,370.3,66.78999999999999,14.24,2.57
240,31,365.61,140.23,11.79,4.52
635,34,362.9,138.8,10.67,4.08
1209,23,361.41998,45.08,15.71,1.96
1320,14,360.43,102.22,25.74,7.3
1706,18,360.07,89.41,20.0,4.97
62,33,359.29,75.04,10.89,2.27
1977,30,357.99,104.4,11.93,3.48
599,5,357.78,37.25,71.56,7.45
50,15,351.38998,38.3,23.43,2.55
1737,27,350.94,113.98,13.0,4.22
1380,25,349.81,49.91,13.99,2.0
613,11,347.31,108.5,31.57,9.86
615,24,346.4,94.99,14.43,3.96
758,17,344.91998,51.57,20.29,3.03
1413,27,344.06,38.81,12.74,1.44
1589,18,341.54,66.49,18.97,3.69
355,7,340.34,69.52,48.62,9.93
1721,17,339.59,82.0,19.98,4.82
1583,20,338.28,47.67,16.91,2.38
1177,17,337.97998,28.15,19.88,1.66
1840,37,337.21,25.52,9.11,0.69
792,23,337.11,98.14,14.66,4.27
1432,9,336.95,134.06,37.44,14.9
1283,49,332.46,73.39,6.78,1.5
827,20,326.88,66.92,16.34,3.35
1251,53,325.77,95.21000000000001,6.15,1.8
231,9,325.68,111.17,36.19,12.35
1348,23,324.22,29.18,14.1,1.27
1444,23,323.99,34.94,14.09,1.52
1308,23,320.58,59.63,13.94,2.59
1991,45,320.14,38.01,7.11,0.84
76,16,315.94,76.57000000000001,19.75,4.79
899,12,315.15,57.37,26.26,4.78
1100,26,313.41,10.91,12.05,0.42
958,11,313.37,60.47,28.49,5.5
1442,29,312.5,75.04,10.78,2.59
969,8,311.59,50.84,38.95,6.36
2045,19,310.64,34.8,16.35,1.83
1149,17,307.91,48.08,18.11,2.83
1090,12,307.87,37.32,25.66,3.11
2031,15,306.37,54.23,20.42,3.62
620,19,304.98,55.19,16.05,2.9
948,4,304.85,74.48,76.21,18.62
102,8,304.84,55.66,38.1,6.96
1904,28,304.26,52.76,10.87,1.88
1870,37,303.6,96.86,8.21,2.62
791,21,303.01,64.99,14.43,3.09
967,10,299.38,69.56,29.94,6.96
589,17,298.97,72.41,17.59,4.26
1669,10,297.97,50.04,29.8,5.0
1323,11,297.05,66.99,27.0,6.09
1645,8,296.52,63.47,37.06,7.93
516,17,295.23,33.28,17.37,1.96
1789,23,293.19,25.42,12.75,1.11
1108,22,292.1,58.63,13.28,2.66
478,20,286.02,29.23,14.3,1.46
1400,11,284.31,85.13,25.85,7.74
1477,15,279.2,33.24,18.61,2.22
2072,12,278.28,70.99,23.19,5.92
509,16,277.13998,19.41,17.32,1.21
1679,47,276.13,51.75,5.88,1.1
1853,36,274.38998,23.990000000000002,7.62,0.67
1414,17,274.03,54.46,16.12,3.2
835,17,273.81,16.02,16.11,0.94
163,17,272.52,36.92,16.03,2.17
772,42,271.88,20.81,6.47,0.5
1415,27,271.41,40.43,10.05,1.5
1472,4,269.54,59.33,67.39,14.83
1343,12,267.19,68.38,22.27,5.7
12,7,266.21,32.7,38.03,4.67
1885,13,265.35,6.43,20.41,0.49
1273,17,265.04,32.57,15.59,1.92
1714,9,264.72,49.67,29.41,5.52
1022,36,263.27,58.1,7.31,1.61
860,52,261.06,77.06,5.02,1.48
1322,16,260.65,52.41,16.29,3.28
234,19,260.64,51.35,13.72,2.7
1183,9,260.04,96.02,28.89,10.67
1230,20,258.53,25.17,12.93,1.26
169,24,255.58,26.48,10.65,1.1
1533,22,255.24,18.53,11.6,0.84
1757,10,253.11,51.04,25.31,5.1
1254,6,252.31,57.24,42.05,9.54
1855,11,251.95,20.87,22.9,1.9
1243,15,249.7,16.85,16.65,1.12
559,27,249.34,140.88,9.23,5.22
587,27,247.93001,59.410000000000004,9.18,2.2
990,16,247.12,25.330000000000002,15.44,1.58
120,19,242.31999,6.75,12.75,0.36
299,11,242.24,11.24,22.02,1.02
870,12,241.41,37.15,20.12,3.1
1176,16,240.84999,48.44,15.05,3.03
173,10,234.97,41.85,23.5,4.19
10,9,234.34,24.84,26.04,2.76
1813,4,233.45,32.61,58.36,8.15
1052,7,231.66,32.05,33.09,4.58
423,14,230.85,94.1,16.49,6.72
150,6,230.35,52.18,38.39,8.7
1986,12,230.06,54.86,19.17,4.57
2061,18,226.71,55.92,12.6,3.11
327,27,226.71,46.6,8.4,1.73
298,7,224.86,52.25,32.12,7.46
874,5,222.22,30.15,44.44,6.03
2054,26,217.6,171.02,8.37,6.58
446,30,212.05,8.17,7.07,0.27
375,24,203.94,76.74,8.5,3.2
1250,6,203.17,65.9,33.86,10.98
826,26,203.01,22.14,7.81,0.85
966,16,202.06,31.3,12.63,1.96
241,16,199.73,40.14,12.48,2.51
880,12,197.39,44.2,16.45,3.68
1212,6,195.27,43.23,32.55,7.2
1101,16,190.78,43.22,11.92,2.7
1516,15,189.66,24.47,12.64,1.63
505,18,188.54,49.19,10.47,2.73
1144,24,187.09,10.26,7.8,0.43
310,9,184.02,24.650000000000002,20.45,2.74
61,11,183.8,52.910000000000004,16.71,4.81
1035,4,183.04001,11.790000000000001,45.76,2.95
315,11,182.19,32.65,16.56,2.97
352,6,178.7,16.97,29.78,2.83
89,11,177.56,9.93,16.14,0.9
1143,12,173.31,58.64,14.44,4.89
359,2,172.84999,29.68,86.42,14.84
872,9,172.06999,17.16,19.12,1.91
683,9,170.06,30.53,18.9,3.39
619,5,168.98,37.63,33.8,7.53
851,21,166.78,34.08,7.94,1.62
1610,11,164.49,21.14,14.95,1.92
1199,7,163.56999,22.25,23.37,3.18
1741,15,161.99,29.16,10.8,1.94
1734,19,161.78,30.89,8.51,1.63
819,6,161.75,29.49,26.96,4.92
1006,11,161.48,73.26,14.68,6.66
739,6,160.06,39.410000000000004,26.68,6.57
1342,12,160.02,11.33,13.34,0.94
2089,34,159.96,24.36,4.7,0.72
1866,15,159.05,42.05,10.6,2.8
1682,10,158.93,21.64,15.89,2.16
1309,9,158.48,27.66,17.61,3.07
323,14,156.99,23.68,11.21,1.69
1480,27,152.20999,108.2,5.64,4.01
295,5,149.31,84.78,29.86,16.96
296,12,149.25,15.11,12.44,1.26
1727,2,149.01001,6.39,74.51,3.2
1553,16,140.84,14.59,8.8,0.91
1275,8,137.63,18.66,17.2,2.33
1888,11,135.61,16.33,12.33,1.48
902,10,135.23,5.32,13.52,0.53
1436,8,134.89,33.339999999999996,16.86,4.17
1381,49,134.4,43.61,2.74,0.89
487,9,133.68,22.04,14.85,2.45
2052,6,131.83,40.38,21.97,6.73
1411,6,131.52,32.74,21.92,5.46
1635,20,128.98,24.43,6.45,1.22
1009,23,125.52,21.28,5.46,0.93
1214,7,122.95,21.43,17.56,3.06
1028,12,121.91,15.65,10.16,1.3
1674,8,120.28,80.45,15.03,10.06
274,15,120.07,14.69,8.0,0.98
2067,6,120.01,16.04,20.0,2.67
657,20,119.8,1.78,5.99,0.09
1503,18,117.69,23.16,6.54,1.29
1386,8,111.15,1.9500000000000002,13.89,0.24
1365,9,103.65,43.019999999999996,11.52,4.78
54,11,103.09,18.53,9.37,1.68
921,9,101.299995,20.87,11.26,2.32
373,13,96.91,18.48,7.45,1.42
1670,19,96.48,11.28,5.08,0.59
252,9,93.78,8.47,10.42,0.94
313,4,92.54,17.33,23.14,4.33
1416,6,91.65,19.18,15.28,3.2
1478,6,88.59,31.810000000000002,14.76,5.3
1876,5,86.19,6.359999999999999,17.24,1.27
500,5,84.82,6.779999999999999,16.96,1.36
440,6,83.88,10.07,13.98,1.68
1539,10,79.41,5.819999999999999,7.94,0.58
704,9,76.53,18.13,8.5,2.01
70,32,76.4,10.71,2.39,0.33
1059,5,72.909996,11.52,14.58,2.3
1433,8,70.04,14.03,8.76,1.75
1170,7,68.45,7.05,9.78,1.01
1504,3,66.33,31.68,22.11,10.56
186,3,59.52,3.7800000000000002,19.84,1.26
379,2,55.64,6.38,27.82,3.19
363,4,52.399998,26.48,13.1,6.62
1647,12,50.49,9.120000000000001,4.21,0.76
1626,2,42.96,2.16,21.48,1.08
1830,1,39.44,10.19,39.44,10.19
1984,3,38.94,12.26,12.98,4.09
11,5,33.39,10.98,6.68,2.2
522,3,29.34,0.29,9.78,0.1
689,3,28.96,3.84,9.65,1.28
1897,1,19.58,0.98,19.58,0.98
494,1,8.17,0.25,8.17,0.25
